time,contents
2020.10.26,"Sh수협은행이 차기 은행장을 뽑기 위한 면접 대상자 10명을 확정했다. 하지만 최종 행장 후보를 선출할 수 있을지 여전히 불투명한 상황이다. 최종 후보는 은행장추천위원회(행추위) 재적위원 3분의 2 이상 동의로 선출되는데, 위원들 간 의견 조율이 쉽지 않을 것이라는 관측이 나온다"
2020.11.06,"비트코인 (CG)▶ 여기를 누르시면 크게 보실 수 있습니다미 정부가 온라인 암시장 '실크로드'에서 해커에 의해 탈취된 1조원대 비트코인을 압수했다고 월스트리트저널(WSJ)이 5일(현지시간) 보도했다.미 법무부가 이번에 압수한 6만9천비트코인은 현 시세로 약 10억달러(약 1조1천350억원)에 달해 가상화폐 압수로는 역대 최대 규모라고 이 신문은 전했다.이 비트코인은 실크로드 운영자 로스 울브리히트가 애초 소유했던 것으로, 한 해커가 2012년과 2013년에 탈취해 이중 유동화한 일부를 빼고 수년간 가상화폐 지갑에 보관해오던 것이다"
2020.11.22,한국투자공사가 기후변화 관련 세계 최대 국부펀드 협의체인 `원 플래닛 국부펀드 협의체(OPSWF)`에 가입했다고 22일 밝혔다. 최희남 사장(오른쪽)이 21일 KIC 본사에서 `OPSWF 연차총회` 영상회의에 참석했다.[사진 제공 = 한국투자공사][ⓒ 매일경제 & mk
2020.11.22,"금융플랫폼 사업을 하는 네이버와 카카오 등 `빅테크(Bigtech)`를 규제하는 법이 처음으로 생긴다. 빅테크가 합병·분할을 하려면 정부 승인을 받아야 하고, `네이버 통장`처럼 소비자를 헷갈리게 하는 광고는 법으로 금지된다. 법인을 세우지 않고 현재 국내에서 영업 중인 페이팔과 함께 앞으로 글로벌 기업이 한국에 진출할 땐 국내 업체와 동일한 규제를 적용받는 전자금융업자로 등록해야 한다"
2020.11.02,내년부터 스마트폰 앱플리케이션을 통해 환전을 신청하고 집 근처 편의점에서 외화를 수령할 수 있게 된다. 또 외국인 관광객이 해외에서 외화를 국내로 송금한 뒤 방한해 관광지 ATM에서 원화를 인출해 사용할 수 있게 된다.2일 기획재정부는 외국환 거래 규정에 따른 신사업 규제 신속 확인·면제 제도 시행 결과 총 5건의 사업에 대한 규제를 면제할 계획이라고 밝혔다
2020.11.05,▶ 여기를 누르시면 크게 보실 수 있습니다산업은행 등 채권단이 제주항공과 아시아나항공 등 항공사 구조조정에 속도를 내고 있다. 자금이 필요한 곳엔 신속히 돈을 투입하고 구조조정이 필요한 곳은 채권단이 적극 나서 구조조정을 추진한다. 특히 아시아나항공은 경영진 교체와 적자 노선 정리 카드까지 검토 중이다
2020.11.12,"한국은행 금융통화위원회는 2021년 정기회의 일정을 공개하고 내년 정기회의를 총 24회 개최할 예정이라고 12일 밝혔다.통화정책방향 결정회의는 8회, 금융안정회의는 4회 열리며 첫 금통위 회의는 1월15일에 열기로 했다.통화정책방향 결정회의와 금융안정회의 의사록은 이전과 마찬가지로 회의일로부터 2주 뒤 첫 화요일에 공개한다"
2020.11.17,"글로벌 경영전략 컨설팅 기업 보스턴컨설팅그룹(BCG)가 선정하는 '떠오르는 차세대 테크 기업'에 카카오뱅크, 토스, 마켓컬리 등이 올랐다.BCG는 세계 경제와 산업을 선도할 차세대 주자로 떠오르는 기업을 소개하는 '2020 BCG 테크 챌린저(2020 BCG Tech Challengers)를 17일 발표했다.BCG는 2006년부터 2년 주기로 챌린저 기업을 발표해왔다"
2020.11.22,"◆ 금융도 양극화 ◆22일 서울 시내 한 시중은행 벽에 신용대출 상품을 소개하는 현수막이 붙어 있다. 시중은행 등 금융사 대출의 고소득자·고신용자 쏠림 현상이 심해지고 있다. [김호영 기자]금융 양극화가 심화되는 이유로 시장 현실과 동떨어진 정부의 금융정책, 금융권의 안전 위주 영업 행태 등이 꼽힌다"
2020.10.26,"앞으로 개인형퇴직연금(IRP)에 가입할 때 가입자가 알아야 할 `핵심 설명서`를 금융사가 제공한다. 여기에는 중도 해지 시 발생하는 수수료, 중도 해지 시 소비자가 부담해야 하는 세액 등 내용이 담긴다.금융감독원과 금융협회는 26일 이 같은 내용이 담긴 `퇴직연금 관행·약관 개선안`을 추진한다고 밝혔다"
2020.11.05,유동성 위기에 빠진 제주항공에 채권단과 정책금융기관이 총 1900억원을 지원한다. 채권단은 또 아시아나항공에 대해 경영진 교체와 적자 노선 정리 등을 포함한 구조조정 방안도 추진하기로 했다.이에 따라 항공업계 구조조정이 속도를 낼 전망이다
2020.11.17,신용등급 1등급자가 1350만명을 넘어선 것으로 나타나면서 변별력에 대한 우려가 나오고 있다. 비중으로 보면 어림잡아 국민 10명중 3명꼴인데 역대 최다이기도 하다.17일 금융권에 따르면 국내 1위 개인신용평가회사인 나이스평가정보 기준 올해 6월말 현재 신용등급 1등급자는 1357만3546명으로 전체 평가자 4673만2003명의 29
2020.11.22,◆ 금융도 양극화 ◆정부가 연 24%인 법정 최고금리를 내년 6월까지 연 20%로 낮추기로 한 정책이 금융 양극화를 심화시킬 것으로 보인다. 정부는 금리 부담을 줄여준다는 명분을 내세우고 있지만 현실에서는 서민의 돈줄이 더 막힐 수 있다는 우려가 나오기 때문이다. 우리나라보다 먼저 법정 최고금리를 연 20%로 낮춘 일본도 불법 사금융 이용자 증가 등 부작용을 겪었다
2020.10.26,국고채 금리 대체로 하락…3년물 연 0.908% (PG)▶ 여기를 누르시면 크게 보실 수 있습니다26일 국고채 금리가 대체로 하락했다.이날 서울 채권시장에서 3년 만기 국고채 금리는 전 거래일보다 0
2020.11.17,"스마트 해상물류 설비 상상도 [해양수산부 제공]2030년까지 부산항 제2신항을 중심으로 `한국형 스마트 항만`이 도입된다. 인천, 평택, 울산 등 전국 권역별로 특화한 항만도 개발된다.17일 해양수산부는 이 같은 내용의 `2030 항만정책 방향과 추진전략`을 국무회의에 보고했다고 밝혔다"
2020.11.16,은성수(뒤편 왼쪽) 금융위원과 이호승 (뒤편 오른쪽)청와대 경제수석이 16일 오후 서울 동대문디자인플라자에서 열린 제3차 한국판 뉴딜 전략회의에서 대화하고 있다
2020.11.22,◆ 금융도 양극화 ◆정부가 부동산값을 잡기 위해 오는 30일부터 시행하는 연소득 8000만원 이상 고소득자 신용대출에 대한 `총부채원리금상환비율(DSR) 40% 적용`을 앞두고 은행들이 선제적으로 대출 줄이기에 나서고 있다. 은행권은 이번주부터 소득이 8000만원에 미달하는 사람에 대해서도 대출심사를 대폭 강화하고 DSR 비율 기준을 적용해 `대출 조이기`를 본격화할 전망이다. 하지만 이 같은 정책과 금융권 행태가 실수요에 기반해 집을 사려는 사람들의 기회를 차단해 금융 양극화를 심화시키고 계층 이동의 사다리를 걷어찰 수 있다는 염려가 제기된다
2020.11.16,국고채 금리 혼조세…3년물 연 0.970% (PG)▶ 여기를 누르시면 크게 보실 수 있습니다16일 국고채 금리가 혼조세를 보였다.이날 서울 채권시장에서 3년 만기 국고채 금리는 전 거래일보다 0
2020.11.05,국고채 금리 일제히 하락…3년물 연 0.927% (PG)▶ 여기를 누르시면 크게 보실 수 있습니다5일 국고채 금리가 일제히 하락했다.이날 서울 채권시장에서 3년 만기 국고채 금리는 전 거래일보다 2
2020.11.02,"▶ 여기를 누르시면 크게 보실 수 있습니다하나은행은 핀테크 스타트업 '엠마우스'와 제휴해 프리랜서 및 파트타임 근로자를 위한 급여 선지급 서비스를 개시한다고 2일 밝혔다.급여 선지급 서비스는 엠마우스에서 개발한 근태 및 급여관리 시스템 '페이워치' 애플리케이션(앱)을 통해 제공된다.사용자와 근로자가 페이워치 앱을 통해 간편하게 근로계약서를 작성하고 위성위치확인시스템(GPS) 정보를 기반으로 출퇴근을 인증하며, 근로시간을 현금화가 가능한 마일리지로 적립할 수 있다"
2020.11.12,"12일 서초구 서초동 한전 아트센터에서 개최된 `한전 관악동작지사 부지 활용사업` 위·수탁계약 체결식에서 문성유 캠코 사장(오른쪽)과 김종갑 한국전력공사 사장이 기념촬영을 하고 있다.[사진 제공: 캠코]▶ 여기를 누르시면 크게 보실 수 있습니다한국자산관리공사(캠코)는 12일 서울 서초구 서초동 한전 아트센터에서 문성유 캠코 사장, 김종갑 한국전력공사 사장 등이 참석한 가운데 한전과 800억원 규모의 `한전 관악동작지사 부지 활용사업 위·수탁계약`을 체결했다고 밝혔다.이번 사업은 캠코가 추진하는 첫 번째 공공기관 복합개발 사업으로, 캠코는 한전과 협력해 한전 관악동작지사 부지에 사업비 800억원을 투입, 연면적 3만2131㎡, 지상 20층, 지하 6층 규모의 창업지원시설 및 판매시설, 오피스텔 등으로 구성된 복합건물을 2025년 3월까지 신축할 계획이다"
2020.11.22,"◆ 금융도 양극화 ◆정형외과 전문의 김 모씨(52)는 지난달 시중은행에서 금리 1% 중반대에 4억원의 대출을 받아 병원을 차렸다. 김씨가 시중은행 신용대출 최대 한도인 2억~3억원보다 2배나 많이, 그리고 평균 금리 3%대보다 훨씬 낮은 금리에 돈을 빌릴 수 있었던 것은 기술신용평가(TCB) 대출 제도 덕분이다.TCB는 기술력은 있는데 담보력이 부족한 중소기업의 자금을 지원하는 제도인데, 의사·약사 등도 지원 대상에 포함된다"
2020.11.16,주택담보대출 금리 산정에 기준이 되는 코픽스(COFIX·자금조달비용지수)가 하락세로 돌아섰다.16일 전국은행연합회에 따르면 10월 신규 취급액 기준 코픽스는 0.87%로 전월(0
2020.11.22,한국투자공사(KIC)가 기후 변화 관련 세계 최대 국부펀드 협의체인 `원플래닛 국부펀드 협의체(OPSWF)’에 가입했다. 그린 뉴딜 시대에 맞는 투자 기회를 찾기 위해서다. KIC는 지난 21일 에마뉘엘 마크롱 프랑스 대통령 주재로 열린 OPSWF 연차총회 화상회의에서 가입을 승인받았다고 22일 밝혔다
2020.11.16,경기도와 신용협동조합(신협)이 손잡고 담보력이 취약해 시중은행의 문턱을 넘지 못하는 사회적경제기업들의 금융 지원을 추진한다.이재명 경기도지사와 김윤식 신협 중앙회장은 16일 오후 수원 경기도청에서 이런 내용을 담은 '사회적경제기업 특별융자(사회적가치벤처펀드) 상호협력' 업무협약을 체결했다.▶ 여기를 누르시면 크게 보실 수 있습니다협약에 따라 신협은 매년 200억씩 5년간 총 1천억원을 경기지역 사회적경제기업 지원에 투입한다
2020.10.26,"한국조폐공사가 김대건 신부 탄생 200주년 기념메달을 선보인다고 26일 밝혔다.조폐공사는 내년 김대건 신부 탄생 200주년과 유네스코 세계 기념인물 선정을 널리 알리기 위해 `김대건 신부 탄생 200주년 기념메달`을 발행하고, 판매 수익금 일부를 후원하기 위한 업무협약을 이날 당진시청 및 천주교대전교구와 체결했다.`김대건 신부 탄생 200주년 기념메달`은 금·은·동 3종 총 1만 200개 규모로, 11월 29일 김대건 신부 탄생 200주년 희년 선포와 함께 출시될 예정이다"
2020.11.22,비트코인 2천만원 돌파…. 연중 최고가▶ 여기를 누르시면 크게 보실 수 있습니다가상화폐(암호화폐)의 대장격인 비트코인이 올해 다시 상승세를 타는 가운데 가상화폐에 대한 긍정적인 인식 전환도 확산하는 양상이다.제도권 금융사가 가상화폐 서비스를 내놓는가 하면 과거 비트코인을 공격하던 일부 비관론자들은 가상화폐에 대해 긍정적인 평가도 내놓고 있다
2020.11.16,성남사랑상품권 10% 특별할인 판매 안내문경기 성남시는 '지역화폐 10% 특별할인(인센티브)'을 통해 1천300억원의 성남사랑상품권을 판매했다고 16일 밝혔다.앞서 시는 지난 5월부터 신종 코로나바이러스 감염증(코로나19) 위기 극복을 위해 지역화폐 할인율을 6%에서 10%로 확대해 9월까지 5개월 동안 1천억원을 판매했다.이어 추가 발행분 300억원도 예상보다 1개월여 앞서 지난 4일 판매가 완료됐다
2020.10.26,금융감독원은 26일 주한영국대사관과 `기후 금융`(climate finance)에 협력하는 양해각서(MOU)를 맺었다.이날 오후 서울 중구 영국대사관에서 열린 협약식에는 윤석헌 금감원장과 사이먼 스미스 주한영국대사 등이 참석했다.양 기관은 협약을 통해 기후 변화가 경제·금융 시스템에 미칠 위험성에 대응하는 역량을 강화하기로 했다
2020.11.05,"세계적 석학인 자크 아탈리 아탈리앤드아소시에(A&A) 대표(사진)가 한국의 주 52시간 근무제와 높은 법인세율이 서울이 금융허브로 나아가는 데 걸림돌이 되고 있다고 진단했다.5일 서울 여의도 콘래드호텔에서 열린 서울국제금융콘퍼런스에 영상으로 참여해 기조연설자로 나선 아탈리 대표는 ""주 52시간 근무제는 한국에만 있는 규제이고 법인세 최고세율도 싱가포르(17%), 홍콩(16.5%)과 비교해 한국(25%)이 지나치게 높아 금융회사들이 서울로 올 이유를 없애고 있다""고 말했다"
2020.11.16,"인사말 하는 이낙연 대표▶ 여기를 누르시면 크게 보실 수 있습니다더불어민주당 이낙연 대표는 16일 핵심 국정과제인 한국판 뉴딜과 관련해 국민 동참의 중요성을 강조했다.이 대표는 이날 오후 동대문 디자인 플라자(DDP)에서 문재인 대통령 주재로 열린 제3차 한국판 뉴딜 전략회의에서 ""한국판 뉴딜의 성공을 위해 당이 해야 할 것은 첫째로 국민의 동참을 얻는 일""이라고 밝혔다.그는 ""디지털 전환이나 저탄소 전환은 국민이 보기에 자기 삶과 거리가 있어보이는 느낌을 줄 수도 있지만, 한국판 뉴딜의 또 하나의 기둥인 휴먼 뉴딜과 지역균형 뉴딜은 국민들이 내 삶과 직결되는 것을 실감할 것""이라며 ""그런 연결고리를 통해서라도 한국판 뉴딜에 국민들이 적극 동참하도록 당이 노력하겠다""고 했다"
2020.10.26,중국 법정 디지털화폐(왼쪽)와 실제 지폐(오른쪽)중국이 세계 최초로 중앙은행이 발행하는 법정 디지털 화폐 도입을 추진 중인 가운데 벌써 가짜가 나왔다.중국 당국은 그간 위폐 유통 문제의 근본적 해소를 법정 디지털 화폐 도입의 주된 장점 중 하나로 거론해왔다. 하지만 이번 사례는 중국에서 '가짜 돈'을 완전히 몰아내는 것이 만만치 않은 과제라는 점을 보여준다
2020.11.16,"'주 52시간제' 중소기업 계도기간 1년 부여 (PG)▶ 여기를 누르시면 크게 보실 수 있습니다중소기업에 대한 주 52시간제 계도 기간이 올해 연말로 끝나지만, 중소기업 10곳 중 4곳은 아직도 주 52시간제를 도입할 준비가 돼 있지 않다는 조사 결과가 16일 나왔다.중소기업중앙회가 지난달 26일부터 이달 6일까지 전국 중소기업 500곳을 조사한 결과 39%가 아직 주 52시간제 도입 준비를 하지 못했다고 응답했다.특히 주 52시간 초과 근로 업체 218곳 중에서는 83"
2020.11.02,"퇴직연금을 옮길 때 여러 금융사를 방문할 필요없이 하나의 금융사만 방문하면 모든 퇴직연금 이전이 가능해진다.금융감독원은 2일 내년 1월부터 시행 할 `퇴직연금 이전 절차 간소화 방안`에 대해 이같이 발표했다.앞서 금감원은 연금저축 계좌에 한해서만 적용했던 이전 절차 간소화를 개인형 개인퇴직연금(IRP) 간 계좌 인체, 개인형 IRP와 연금저축 간 이동으로 확대했다"
2020.10.26,서울시(CG)▶ 여기를 누르시면 크게 보실 수 있습니다서울시는 내년에 자치구와 함께 지역별 특화 일자리 사업을 통해 공공 일자리 400개를 창출한다고 26일 밝혔다.`시-구 상향적·협력적 일자리 창출 사업'으로 20개 자치구와 30개 사업 분야를 발굴했다. 여기에 총 60억원(시비 35억원·구비 25억원)이 투입된다
2020.11.21,"아시아 개발은행(ADB) 산하 신탁기금인 ‘신용보증투자기구(CGFI; Credit Guarantee and Investment Facility)가 올해로 창립 10주년을 맞이했다.CGIF는 창립 10주년을 맞아 아시아 지역의 채권시장 확대와 활성화를 위해 적극 노력할 방침이라고 밝혔다.CGIF는 ADB와 한국, 중국, 일본 3개국, 아세안(ASEAN) 10개국 정부가 투자해 설립된 국제기구로 본사는 필리핀 마닐라에 있다"
2020.11.16,"최고위 발언하는 이낙연▶ 여기를 누르시면 크게 보실 수 있습니다더불어민주당 이낙연 대표는 16일 국회의 내년도 예산안 심사 과정에서 한국판 뉴딜 예산이 유지돼야 한다는 입장을 밝혔다.이 대표는 최고위원회의에서 ""코로나19(신종 코로나바이러스 감염증) 이후 한국 경제 발전을 위한 초석이 바로 한국판 뉴딜""이라며 ""한국판 뉴딜을 성공시키기 위해선 예산이 충분히 뒷받침돼야 한다""고 말했다.그는 ""야당도 코로나19 이후의 우리 경제 초석을 탄탄하게 다지는 일에 협력해주리라 믿는다""며 ""한국판 뉴딜 예산의 삭감은 자칫 코로나19 이후 경제 도약의 기반을 취약하게 만들 수 있다는 점을 유념해달라""고 당부했다"
2020.11.12,"전국 일자리위원회 워크숍에서 우수사례를 발표한 나주시▶ 여기를 누르시면 크게 보실 수 있습니다전남 나주시는 역점 시책인 일자리 창출 사업이 우수사례로 선정돼 전국 지자체 등으로 확산·공유된다고 12일 밝혔다.나주시는 최근 대통령직속 일자리위원회가 주최한 제 3회 전국 일자리위원회 워크숍에서 일자리 창출 우수사례를 발표했다.전국 지자체와 공공기관, 민간기업 등이 낸 102개 사례 중 최우수 성과를 낸 6곳이 참여했으며 나주시는 지자체 중 유일하게 발표했다"
2020.11.02,"▲ 윤이중씨 별세, 윤석현[연합뉴스]Copyrights ⓒ 연합뉴스"
2020.10.25,`빚투(빚내서 투자)`와 `영끌(영혼까지 끌어모음)` 열풍 등으로 급증하던 가계대출 증가세가 둔화됐다. 대출 수요가 줄어든 데다 은행이 속도 조절에 나섰기 때문이다. 25일 은행권에 따르면 KB국민·신한·하나·우리·NH농협은행 등 5대 시중은행은 지난 22일 기준 가계대출 잔액이 654조4936억원으로 지난달 말(649조8909억원)보다 4조6027억원 늘었다
2020.11.16,"[자료 제공 = 금융위원회]더불어민주당과 정부는 16일 오전 국회 의원회관에서 당정협의를 개최해 법정 최고금리를 현재의 연 24% 수준에서 연 20%로 인하하고 내년 하반기부터 적용하기로 확정했다.이날 회의에는 당에서는 김태년 원내대표, 한정애 정책위의장, 윤호중 법사위원장, 윤관석 정무위원장, 유동수 정책위 수석부의장, 김영진 원내수석부대표, 백혜련 법사위 간사, 김병욱 정무위 간사, 한병도 정책위 제1정조위원장, 조승래 원내선임부대표, 오영훈 당대표비서실장, 정태호 전략기획위원장, 홍정민 원내대변인이, 정부 측에서는 은성수 금융위원장, 고기영 법무부 차관이 참석했다.법정 최고금리는 대부업법(금융회사)과 이자제한법(사인간 거래)에서 규율하고 있으며 지속적인 인하를 거쳐 2018년부터 연 24%를 적용하고 있다"
2020.11.15,2025년부터는 뱃길이 아닌 하늘길로 울릉도 여행이 가능해질 전망이다. 서울에서 울릉도까지 걸리는 시간은 7시간에서 1시간 이내로 `확` 줄어든다. 15일 국토교통부는 울릉공항 건설사업에 대한 환경영향평가 협의를 마치고 2025년 개항을 목표로 실착공에 들어간다고 밝혔다
2020.11.05,"서울핀테크랩▶ 여기를 누르시면 크게 보실 수 있습니다서울시는 금융기술 관련 창업을 지원하는 공간인 여의도 서울핀테크랩을 확대 개편해 입주기업을 기존 70개 수준에서 100개로 늘렸다고 5일 밝혔다.시는 1억원 이상 투자 유치와 연매출 1억원 이상 등의 기존 입주기준을 낮춰 지난달부터는 창업 3년 미만의 초기 스타트업도 들어올 수 있도록 했다.서울핀테크랩에는 핀테크 스타트업뿐만 아니라 금융감독원, 특허청, 하나은행 등 협력기관도 입주해 기업들을 돕고 있다"
2020.11.15,"기획재정부는 녹색기후기금(GCF)이 태평양 5개 도서국가를 대상으로 한 기후 관측사업 등 10억달러 상당의 지원사업 16개를 승인했다고 15일 밝혔다. 개발도상국 온실가스 감축과 기후변화 적응 지원을 위한 기구로 한국 송도에 사무국을 두고 있는 GCF는 지난 9~13일 영상으로 이사회를 진행해 10억1000만달러 규모 신규 사업 총 16건을 승인했다.방글라데시 에너지 효율화 투자, 브라질 북동부 생산적 농업 시스템 개발, 아프리카 9개국 에너지 접근성 제고를 위한 금융지원 사업이 신규 사업에 포함됐다"
2020.11.05,가상화폐 비트코인 (CG)▶ 여기를 누르시면 크게 보실 수 있습니다마약 밀거래 등에 이용되던 온라인 암시장 '실크로드'에서 흘러나온 것으로 추정되는 1조원대 비트코인이 유통되고 있다는 주장이 제기됐다고 미 CNBC 방송이 4일(현지시간) 보도했다.이에 따르면 가상화폐(암호화폐)의 부정 자금을 추적하는 블록체인 분석회사 엘립틱은 최근 출처가 이 사이트인 것으로 보이는 자금 거래를 발견했다고 밝혔다.현 시세로 9억5천만달러(약 1조754억원)에 달하는 6만9천360비트코인이 한 대형 가상화폐 지갑에서 인출됐다는 것이다
2020.11.02,"▲ 오명수씨 별세, 오봉택[연합뉴스]Copyrights ⓒ 연합뉴스"
2020.10.24,"""중소기업에서 최저임금을 받고 있는 인턴사원입니다. 입사한지 3개월 이상 됐는데요. 갑자기 목돈이 필요해 대출을 알아봤으나 번번히 거절 당했습니다"
2020.11.15,5100억원에 달하는 사모펀드 환매 중단을 일으킨 `옵티머스 사태`에 대한 피해 보상이 `라임 사태`와는 달리 100% 원금 보상을 단정하기 어려운 것으로 나타났다. 또 환매가 중단된 펀드를 회수하기 위해 `판매사 계열 자산운용사`로 이를 이관하는 방안이 검토되고 있다.15일 금융업계에 따르면 금융감독원은 지난주 옵티머스 펀드 피해자 보상안을 마련하기 위한 법률적 검토에 착수했다
2020.10.23,◆ 옵티머스펀드 의혹 ◆금융감독원이 옵티머스자산운용 사태의 문제점을 인지하고도 적기에 제동을 걸지 못해 약 3개월간 2000억원에 달하는 펀드가 신규로 설정됐다는 주장이 제기됐다.금융당국 시정 조치가 적기에 내려졌다면 피해 규모를 줄이고 사태 확산을 막을 수 있었는데 당국이 `실기`했다는 지적이다.23일 정치권과 증권 업계에 따르면 옵티머스자산운용은 지난 3월 말 금감원에 펀드 현황 자료를 제출했다
2020.11.20,문재인정부 국정과제이자 금융노조의 숙원 사업인 노조 추천 사외이사제가 올해도 무산됐다. 노조의 과도한 경영 개입을 우려한 KB금융 주주들이 노조가 추천한 이사 후보들에 대해 대거 반대하면서 이들에 대한 지지율이 2~3%대에 그쳤다.20일 서울 여의도 KB국민은행 본관에서 열린 KB금융지주 임시주주총회에서 노조 추천 사외이사제가 부결됐다
2020.11.04,"""요즘 창구에 와서 통장을 만드는 사람 중 십중팔구는 달러 적금이라고 보면 됩니다."" 하나은행 입·출금 담당 직원의 얘기다.하나은행이 지난 9월 출시한 `일달러 외화적금`은 출시된 지 두 달도 안된 10월 말 계좌 수가 2만1000개를 돌파했다"
2020.11.15,"▲ 강상심씨 별세, 변판수·변문수[연합뉴스]Copyrights ⓒ 연합뉴스"
2020.11.12,한국판 뉴딜 (PG)▶ 여기를 누르시면 크게 보실 수 있습니다광주시의 그린뉴딜 사업이 기존 사업을 유지하는 수준이라는 지적이 나왔다.12일 광주시의회 정순애 의원의 행정사무 감사 자료에 따르면 시는 내년도 그린뉴딜 관련 13개 사업에 1조1천985억원을 투입할 계획이다.하지만 내년부터 본격화하는 민간공원 특례사업을 위한 토지매입비 1조807억원을 제외하면 실제 사업에 쓰이는 예산은 10％(1천178억원)에 불과하다
2020.11.20,국고채 (PG)▶ 여기를 누르시면 크게 보실 수 있습니다20일 국고채 금리가 혼조세를 보였다.이날 서울 채권시장에서 3년 만기 국고채 금리는 전 거래일보다 0.8bp(1bp=0
2020.10.23,◆ 옵티머스펀드 의혹 ◆금융감독원이 옵티머스자산운용 펀드 사태를 적기에 막지 못했다는 비판이 야권과 증권업계 일각에서 제기되고 있다. 금감원이 옵티머스 펀드 문제를 올해 3월께 인식하고도 환매 중단이 이뤄진 6월까지 3개월여 동안 제대로 된 조치를 취했는지 반드시 따져 봐야 한다는 것이다. 특히 펀드 환매 중단은 6월 18일 금감원의 현장검사가 임박하자 옵티머스가 스스로 선택한 결정이었으며 금융당국은 같은 달 30일에야 긴급조치 명령을 발동하면서 뒤늦게 영업정지를 단행했다
2020.11.15,울릉공항 조감도 <사진=국토부>2025년부터는 뱃길이 아닌 하늘길로 울릉도 여행이 가능해질 전망이다. 서울에서 울릉도까지 걸리는 시간은 7시간에서 1시간 이내로 `확` 줄어든다.15일 국토교통부는 울릉공항 건설사업의 환경영향평가 협의를 마치고 2025년 개항을 목표로 실착공에 들어간다고 밝혔다
2020.11.01,"▲ 고재인씨 별세, 고완석 고찬석[연합뉴스]Copyrights ⓒ 연합뉴스"
2020.11.04,"정부는 최희남 한국투자공사(KIC) 사장(사진)을 대외직명대사인 `금융협력대사`로 임명했다고 외교부가 4일 밝혔다.대외직명대사 제도는 정부가 각 분야에서 전문성과 인지도를 겸비한 민간 인사에게 대사 직함을 부여하는 것으로, 임기는 1년이다. 최 대사는 기획재정부 국제경제관리관과 국제통화기금(IMF) 이사를 역임했으며, 현재 KIC 사장으로 재임 중이다"
2020.11.20,"윤대희 신용보증기금 이사장이 20일 서울 더 플라자 호텔에서 열린 `세계미래포럼 미래경영콘서트`에서 `포스트 코로나 시대, 중소기업이 나아갈 길`을 주제로 강연을 하고 있다. [사진 제공 = 신용보증기금]윤대희 신용보증기금 이사장이 포스트 코로나 시대를 대비해 기술 혁신에 대한 투자를 강조했다.윤대희 이사장은 20일 서울 더 플라자 호텔에서 열린 세계미래포럼 미래경영콘서트에서 `포스트 코로나 시대, 중소기업이 나아갈 길`이라는 주제로 강연을 진행했다"
2020.10.23,◆ 옵티머스펀드 의혹 ◆23일 서울 여의도 국회에서 열린 정무위원회의 금융감독원·금융위원회 종합국정감사에서 윤석헌 금융감독원장이 관계자와 이야기를 나누고 있다. [이승환 기자]라임·옵티머스 펀드 부실 감독으로 도마에 오른 금융감독원을 공공기관으로 지정해 정부의 관리·감독을 강화하는 방안이 정치권과 정부에서 본격 검토되기 시작했다. 반민반관 성격인 금감원이 공공기관으로 지정되면 예산·인력에 대한 통제가 강화되고 경영 평가가 이뤄지기 때문에 윤리성 제고를 통해 감독 역시 투명해질 수 있다는 취지다
2020.11.15,"새마을금고 로고▶ 여기를 누르시면 크게 보실 수 있습니다지역 새마을금고 이사장 선거를 앞두고 대의원에게 돈 봉투를 건넨 당선인의 부인이 집행유예를 선고받았다.광주지법 형사10단독 김동관 판사는 새마을금고법 위반 혐의로 재판에 넘겨진 A(57·여)씨에게 징역 4개월에 집행유예 1년, 추징금 200만원을 선고했다고 15일 밝혔다.불법으로 이사장 선거를 도운 임원 B(66·남)씨도 징역 4개월에 집행유예 1년을 선고받았다"
2020.10.23,은성수 금융위원장과 윤석헌 금융감독원장이 23일 열린 국회 정무위원회 국정감사에서 금융감독체계 개편을 비롯한 각종 금융권 현안을 놓고 충돌했다. 금융감독 정책을 총괄하는 정부 부처와 실질적인 감독 업무를 수행하는 기관 최고책임자 생각과 방침이 다르면 그로 인해 금융업계와 금융 소비자가 혼란을 겪게 된다. 금융업계에서는 이번 국감 발언을 계기로 두 기관 간 갈등이 표면화할 것을 염려하고 있어 주목된다
2020.11.13,"""집배원 인력 충원하라""▶ 여기를 누르시면 크게 보실 수 있습니다전국민주우체국본부 충청지역본부는 13일 충청지방우정청 앞에서 규탄대회를 열어 ""돌려막기식 인력 조정을 중단하고, 집배원을 충원하라""고 촉구했다.충청지역본부는 ""충청지방우정청이 퇴직과 장기 병가로 발생한 결원을 충원하지 않고, 5개 우체국에서 집배원을 빼 다른 2개 우체국 등으로 채워 넣겠다고 지난 9월 일방적으로 발표했다""고 밝혔다.이어 ""인력이 빠지는 청양·부여 우체국은 노동시간 상위 100개 우체국에 포함되는 곳으로, 이미 주간 노동시간이 40시간이 넘는다""며 ""인력이 충원되지 않은 채 담당구역이 갑자기 바뀌거나 늘어나면 안전사고 위험만 커진다""고 지적했다"
2020.11.20,"▶ 여기를 누르시면 크게 보실 수 있습니다경기 고양시는 다음 달 15일까지 '노인 일자리 및 사회활동 지원사업' 참여자 6천74명을 모집한다고 20일 밝혔다.시는 초고령사회에서 노인에게 노후소득을 보장할 수 있는 적합한 일자리를 제공하고자 이 사업 예산 201억원을 마련했다.모집 분야는 공익활동형(5천285명), 시장형(공동작업·제조판매 259명), 취업알선형(80명), 사회서비스형(450명) 등이다"
2020.11.13,"구호 외치는 참석자들▶ 여기를 누르시면 크게 보실 수 있습니다'비정규직 이제그만 1천100만 비정규직 공동투쟁'은 전태일 열사의 50주기인 13일 서울 종로구 전태일다리에서 근로기준법 확대 적용과 정부의 노동법 개정 반대 등을 요구하는 집회를 열었다.이들은 ""재벌의 곳간에 사내유보금 1천조원이 쌓이는 동안 노조에도 가입하지 못한 절대다수의 비정규직은 해고 되거나, 일하다가 죽거나, 최저임금 일자리를 찾아헤맨다""며 ""문재인 정부는 약속한 '노조할 권리'는 팽개친 채 노동자가 자기 일터에서 저항도 못 하게 하는 노동 개악을 추진하고 있다""고 목소리를 높였다.이어 ""인간다운 삶을 염원했던 전태일 열사가 못다 굴린 덩이를 이 시대를 사는 전태일들이 함께 굴려 나가야 한다""며 ""전태일과 김용균과 함께 죽음을 멈추고 차별을 없애고 노동자가 인간답게 살 수 있는 세상을 향해 함께 나서자""고 덧붙였다"
2020.11.04,"은행에 가지 않고도 대출을 바꿀 수 있고, 연립·빌라 등 다세대주택의 담보가치를 제공해주는 핀테크 업체들이 은행과 연계해 성장할 수 있는 기반이 마련됐다. 금융위원회는 지정대리인 심사위원회를 열고 핀테크 기업 피노텍과 빅밸류를 지정대리인으로 지정했다고 4일 밝혔다.지정대리인 제도는 핀테크 기업이 개발한 혁신적인 금융서비스를 금융회사와 함께 시범 운영할 수 있도록 하는 제도다"
2020.11.12,"(왼쪽부터) 류진열 부사장 겸 기획이사와 강병욱 사업이사 [사진 제공 = 조폐공사]한국조폐공사(KOMSCO)는 12일 부사장 겸 기획이사에 류진열 사업이사를, 사업이사에 강병욱 제지본부 본부장을 선임했다고 밝혔다. 기존 김영석 기획이사는 총무이사로 자리를 옮겼다. 제지본부장에는 채종천 기술처장을 임명했다"
2020.11.19,"캠코는 19일 서울 강남 서울 사옥에서 중소기업유통센터와 `중소기업·소상공인 판로확대 및 동반성장을 위한 업무협약`을 체결했다. 협약식에서 정진수 중소기업유통센터 대표와 문성유 캠코 사장(왼쪽 넷째부터), 임직원들이 기념촬영을 하고 있다.[사진 제공 = 캠코]▶ 여기를 누르시면 크게 보실 수 있습니다한국자산관리공사(캠코)는 19일 강남 역삼동 캠코 서울 사옥에서 문성유 캠코 사장, 정진수 중소기업유통센터 대표이사 등이 참석한 가운데 중소기업유통센터와 ‘중소기업･소상공인 판로확대 및 동반성장을 위한 업무협약’을 체결했다"
2020.11.04,국고채 금리 일제히 하락…3년물 연 0.955% (PG)▶ 여기를 누르시면 크게 보실 수 있습니다4일 국고채 금리가 일제히 하락했다.이날 서울 채권시장에서 3년 만기 국고채 금리는 전 거래일보다 2
2020.11.13,◆ 신용대출 규제 강화 ◆오는 30일부터 연소득 8000만원 이상 고소득자들의 신용대출 가능 금액이 많게는 절반 이하로 떨어질 전망이다. 또 고소득자가 신용대출을 1억원 넘게 받은 후 1년 안에 규제지역 내에서 주택을 사면 신용대출 금액만큼 돈을 갚아야 하는 `초강력 대출규제`도 시작된다.금융위원회와 금융감독원은 13일 이 같은 내용을 담은 `가계부채 관리 방안`을 발표했다
2020.11.01,국내 주요 은행 신용대출이 지난달 2조원 넘게 증가하고 증가폭은 전달보다 더 늘어난 것으로 나타났다. 은행권이 대출 조이기에 나섰지만 효과는 미진한 것으로 분석된다. 다만 가계대출 급증세는 지난달 한풀 꺾여서 정부가 총부채원리금상환비율(DSR) 규제 강화에 대해 신중하게 접근할 것으로 보인다
2020.10.23,한국주식투자자연합회 회원들이 23일 서울 종로구 청와대 분수대 앞에서 기자회견을 열고 대주주 주식 양도소득세 3억원 기준을 강행하는 정부 방침을 규탄하고 있다
2020.11.13,◆ 신용대출 규제 강화 ◆연 소득 1억원의 고액 연봉자 A씨는 주택담보대출 5억원(연 금리 2.7%·30년 분할상환 원리금 균등조건)에 기존 신용대출 1억원(금리 3%)이 있다. 현재 신용대출은 연 소득에 비례해 늘어나고 시중은행이 연 소득 대비 150%까지 내주고 있어 A씨는 기존 신용대출 1억원에 추가로 5000만원을 더 대출받을 수 있다
2020.11.19,"이동걸 KDB산업은행 회장(사진)이 ""조원태 한진그룹 회장의 경영 성과가 없으면 조 회장 지분을 강제 처분해 퇴출시키겠다""고 밝혔다. 이는 향후 대한항공과 아시아나항공 통합 과정에서 성과가 나지 않으면 채권단이 나서 경영진 교체까지 할 수 있다는 점을 분명히 한 것이어서 주목된다.이 회장은 19일 온라인 기자간담회를 통해 산은이 경영권 분쟁 중인 조 회장과 손잡은 이유를 직접 전했다"
2020.11.04,"금융감독원이 상장회사 등에서 테마심사 대상을 사전예고한 결과, 지적받은 회계이슈에 대해 당해 연도에 재무제표를 수정하는 기업의 비율이 점차 늘어난 것으로 나타났다.금감원은 4일 `회계이슈 사전예고 효과 및 테마심사·감리 결과 분석`을 발표해 이같이 밝혔다. 테마심사·감리 대상 사전예고제도는 금감원이 사내년도 중점 점검 분야를 전년도에 미리 공표하는 것으로 2013년부터 도입됐다"
2020.11.13,◆ 신용대출 규제 강화 ◆정부가 고소득자에 대한 신용대출 규제 강화 방안을 내놓은 13일 서울 한 시중은행 영업 창구에서 고객들이 상담을 하고 있다. [김호영 기자]새로운 신용대출 규제가 시행되면서 은행 대출과 관련한 궁금증도 커지고 있다. 아래는 일문일답
2020.10.23,국고채 금리 대체로 하락…3년물 연 0.910% (PG)▶ 여기를 누르시면 크게 보실 수 있습니다23일 국고채 금리가 대체로 하락했다.이날 서울 채권시장에서 3년 만기 국고채 금리는 전 거래일보다 1
2020.11.13,"""집배원 인력 충원하라""▶ 여기를 누르시면 크게 보실 수 있습니다전국민주우체국본부 충청지역본부는 13일 충청지방우정청 앞에서 규탄대회를 열어 ""돌려막기식 인력 조정을 중단하고, 집배원을 충원하라""고 촉구했다.충청지역본부는 ""충청지방우정청이 퇴직과 장기 병가로 발생한 결원을 충원하지 않고, 5개 우체국에서 집배원을 빼 다른 2개 우체국으로 채워 넣겠다고 지난 9월 일방적으로 발표했다""고 밝혔다.이어 ""인력이 빠지는 청양·부여 우체국은 노동시간 상위 100개 우체국에 포함되는 곳으로, 이미 주간 노동시간이 40시간이 넘는다""며 ""인력이 충원되지 않은 채 담당구역이 갑자기 바뀌거나 늘어나면 안전사고 위험만 커진다""고 지적했다"
2020.10.23,"캠코는 신임 감사에 이인수 전 캄보디아증권거래소 부이사장(57)이 임명됐다고 23일 밝혔다.이인수 신임 감사는 공개모집 절차를 통해 임원추천위원회 심사와 추천, 공공기관운영위원회 의결과 기획재정부장관의 제청을 거쳐 대통령의 임명을 받았다. 이인수 신임 감사는 지난 1990년 증권감독원(현 금융감독원) 입사 후 한국선물거래소, 한국거래소 등에서 약 30년간 근무하면서 다양한 업무경험을 쌓았다"
2020.11.13,"""분진투성이 노동자를 보라""▶ 여기를 누르시면 크게 보실 수 있습니다마스크를 착용하고도 코 주변에 검은 분진이 가득 묻은 작업 사진을 공개했던 금속노조 전북지부 현대차 전주비정규직지회 조합원들이 13일 총파업 결의대회를 열었다.조합원 80여 명은 현대차 전주공장 정문 앞에 모여 ""엄청난 철가루가 섞인 분진과 기계 소음이 들리는 작업장은 마치 석탄광산과도 같다""며 ""작업환경을 개선하고 동일한 노동을 하는 노동자들끼리 차별 없는 임금을 지급해야 한다""고 촉구했다.노조 조합원들은 상용차를 생산하는 공장의 하청업체에 속해 공장 설비를 유지·보수하는 일을 하고 있다"
2020.10.23,한국주택금융공사한국주택금융공사는 장기 고정금리·분활상환식 주택담보대출인 보금자리론의 11월 금리를 동결한다고 23일 밝혔다.이에 따라 공사 홈페이지(www.hf
2020.11.12,"▲ 차동수씨 별세, 차도헌[연합뉴스]Copyrights ⓒ 연합뉴스"
2020.11.04,"한국조폐공사가 2020년도 하반기 일반 및 고졸전형 신입직원(채용형 인턴) 채용 원서를 오는 11~18일까지 8일간 접수한다고 4일 밝혔다.채용 예정인원은 모두 23명이다. 이로써 조폐공사는 상반기 54명, 하반기 IT(정보기술) 분야 13명을 포함한 36명 등 연간 총 90명의 신입직원을 채용하게 된다"
2020.11.13,"신용대출·주택담보대출 규제(PG)▶ 여기를 누르시면 크게 보실 수 있습니다부동산 전문가들은 13일 정부가 내놓은 '가계대출 관리방안'과 관련해 가계대출 관리 필요성에는 공감하면서도 대출 규제 강화로 무주택자 등의 내 집 마련이 어려워지는 등 부동산 시장에 부작용이 나타날 수 있다고 우려했다.이날 금융위원회와 금융감독원은 이달 30일부터 연 소득 8천만원 초과자의 신용대출 총액이 1억원을 넘는 경우 총부채원리금상환비율(DSR) 40%(비은행권은 60%)를 적용하기로 했다.현재 투기지역과 투기과열지구의 시가 9억원 초과 주택을 담보로 한 신규 주택담보대출에 DSR 40% 규제를 개인별로 적용하고 있는데, 여기에 신용대출 총액 1억원 기준을 신설한 것이다"
2020.11.01,"민간금융위원회가 최근 서울 중구 매경미디어센터에서 이필상 서울대 경제학부 특임교수의 출판 기념 강연회를 열었다. 홍순영 한성대 교수, 이준행 서울여대 교수, 이필상 교수, 안수현 한국외대 교수, 최창규 명지대 교수(왼쪽부터)가 기념촬영을 하고 있다. [이충우 기자]""우리나라 정치는 경제를 살리는 것이 아니라 경제 위기를 확대·재생산하는 정치입니다"
2020.11.12,▶ 여기를 누르시면 크게 보실 수 있습니다▲ 신용보증기금은 윤대희 이사장이 한국 정책금융기관들의 신종 코로나바이러스 감염증[연합뉴스]Copyrights ⓒ 연합뉴스
2020.11.12,"하나은행은 핀테크 스타트업을 대상으로 오픈 API(응용프로그램 인터페이스) 기반의 협업 비즈니스 모델을 발굴하는 '뉴 비즈(New Biz) 아이디어 공모전'을 개최한다고 12일 밝혔다.법인 및 개인사업자 누구나 참여할 수 있으며, 참가팀은 하나은행이 제공하는 오픈 API 및 공공데이터를 활용해 '뉴 비즈 서비스'를 발굴하게 된다.이달 30일까지 하나은행 오픈 플랫폼 홈페이지(www"
2020.11.12,현 정부가 추진하는 '한국판 뉴딜'이 성공하려면 재정투자의 경제성 확보와 민간 투자 활력 제고가 필수적이라는 주장이 제기됐다.한국경제연구원은 12일 발표한 '성장 없는 산업정책과 향후 개선방안' 보고서에서 이같이 밝혔다.먼저 보고서는 2018~2019년 경제성장률과 투자가 모두 부진했던 것은 현 정부의 대표 산업정책인 혁신성장의 성과가 미흡했기 때문이라고 분석했다
2020.10.23,"더불어민주당, 국난극복 K-뉴딜위원회 점검▶ 여기를 누르시면 크게 보실 수 있습니다더불어민주당과 정부, 청와대는 25일 오후 국회에서 워크숍을 열어 한국판 뉴딜 추진현황을 점검하고 현안 과제를 논의한다고 민주당이 23일 밝혔다.당에서는 국난극복 K뉴딜위원장을 맡은 이낙연 대표와 김태년 원내대표, 한정애 정책위원장 등이 참석한다.정부에선 홍남기 부총리 겸 기획재정부 장관을 비롯해 과기부·환경부·산업부·고용부·행안부 장관이, 청와대에선 김상조 정책실장과 최재성 정무수석, 이호승 경제수석이 나온다"
2020.11.04,[김경택
2020.11.11,"답변하는 김현미 국토부 장관김현미 국토교통부 장관이 지난 10일 국회에서 경기도 일산 소재 자택이 무주택 서민의 내 집 마련을 지원하는 디딤돌 대출을 받아 살 수 있는 수준이라고 말한 데 대해 주민들이 '발끈'했다.김 장관은 국회 예결위원회 전체회의에서 '서울의 아파트 가격 평균은 약 10억원인데, 디딤돌 대출의 한도가 너무 낮다'는 국민의힘 김형동 의원의 지적에 대해 답변하는 과정에서 ""저희집 정도는 디딤돌 대출로 살 수 있다""고 말했다.디딤돌 대출은 무주택 서민의 내 집 마련을 지원하는 주택도시기금 대출 사업이다"
2020.10.23,"금융권 채용비리 문제가 최근 국감에서 다시 수면 위로 떠오르고 있다. 이로 인해 하반기 금융권 채용절차에서 객관적 평가가 강화된 채용기준이 마련될 예정이다.옵티머스, 라임펀드사태 등의 불완전판매로 인해 전문성과 윤리성을 갖춘 전문가가 고객을 상담해야 한다는 필요성이 부각되면서, 일정 자격을 갖춘 전문가가 더욱 우대받는 현상도 확대될 전망이다"
2020.11.13,국고채 금리 일제히 하락…3년물 연 0.965% (PG)▶ 여기를 누르시면 크게 보실 수 있습니다13일 국고채 금리가 일제히 하락했다.이날 서울 채권시장에서 3년 만기 국고채 금리는 전 거래일보다 0
2020.11.04,"""범 내려온다. 범이 내려온다. 장림 깊은 골로 대한 짐승이 내려온다"" (이날치의 `범 내려온다` 中)퓨전국악 밴드 이날치의 중독성 강한 `후크`가 문재인 정부 핵심 간판인 `한국판 뉴딜`의 CM송으로 낙점됐다"
2020.10.30,"정부가 유동성 위기를 겪고 있는 제주항공에 대해 국책은행과 기간산업안정기금(기안기금) 지원을 통해 일단 유동성 위기를 해결해주는 쪽으로 가닥을 잡았다.30일 정부에 따르면 정부는 이날 오전 구조조정 협의체를 열고 제주항공 경영 정상화를 위한 자금 지원 방안을 논의했다. 김용범 기획재정부 제1차관이 주재한 이 협의체에는 국토교통부, 금융위원회, 국책은행 등에서 고위직이 참석했다"
2020.11.11,"한국판 뉴딜 종합계획의 성공적 추진을 위해서는 에너지전환을 중심으로 에너지 효율화 정책을 보완할 필요가 있다는 주장이 제기됐다.더불어민주당 이학영 의원실 주최로 서울 여의도 국회의원회관에서 `그린뉴딜 전력수요관리 정책제안`이 11일 열렸다. 이학영 의원은 인사말에서 ""정부가 발표한 그린뉴딜 계획은 에너지 전환 계획이 중심이 된 정책으로 에너지 효율화 정책을 통해 보완할 필요가 있다""고 지적했다"
2020.10.23,"윤관석 정무위원회 위원장이 금융감독원을 통해 개인 신용평가회사 2개사의 은행 대출고객 신용등급 분포 현황을 확인한 결과, 신용대출 고객의 경우 양사간 1등급 평가를 받은 고객 비중이 18.4% 달랐으며 주택담보대출의 경우 무려 36.7% 차이가 나는 것으로 나타났다"
2020.10.22,"홍남기 부총리 겸 기획재정부 장관은 22일 국회 기획재정위원회의 종합감사에서 ""과거 10년 동안의 전세대책을 다 검토해봤다. 뾰족한 단기대책이 별로 없다""고 말했다.국민의힘 추경호 의원으로부터 ‘가격제한조치 등 전세대책을 검토하고 있느냐’는 질문을 받고 홍 부총리는 이 같이 답하며 ""그러나 전세시장 불안정성에 도움이 되는 정책은 어떤 게 있는지 적극적으로 모색하는 상황""이라고 밝혔다"
2020.11.11,◆ 옵티머스 펀드 부실 ◆10일 금융감독원 앞에서 라임·옵티머스 펀드 피해자들이 시위를 하고 있다. [김호영 기자]환매 중단으로 묶인 5000억원대 옵티머스 펀드 자금 중 회수 가능한 금액이 단 400억원에 불과할 수 있다는 실사 결과가 나왔다. 환매 중단 규모의 90% 이상 손실 처리가 불가피하다는 얘기다
2020.10.22,"홍남기 부총리 겸 기획재정부 장관은 22일 국회 기획재정위원회의 국정감사에서 재정준칙이 법제화되지 않을 경우 국가신용등급에 영향을 미칠 수 있다고 경고했다.연합뉴스에 따르면 더불어민주당 정일영 의원이 ""재정준칙이 안되면 신용평가에 문제가 있냐""고 묻자 홍 부총리는 ""영향이 있다고 본다""고 답했다.꼭 법으로 해야 하느냐는 정 의원의 질의에 홍 부총리는 ""저는 법으로 해야 준칙의 엄격성이 설정된다고 본다""고 강조했다"
2020.11.13,13일부터 네이버 스마트 스토어 판매자들은 상품 배송 완료 뒤 1영업일에 판매 대금 90%를 미리 정산받을 수 있다. 스마트 스토어란 사업자 등록 없이 네이버에서 자유롭게 상품을 판매하는 서비스다. 네이버파이낸셜은 이날 이 같은 내용을 골자로 한 `스마트 스토어 빠른 정산 베타 서비스`를 시작한다고 밝혔다
2020.11.11,"◆ 옵티머스 펀드 부실 ◆옵티머스자산운용이 공공기관 매출채권에 투자한다며 끌어모은 자금 5000억원이 부동산과 주식, 부실 비상장 기업 채권 등에 투자된 것으로 확인됐다. 투자는 대부분 부실했고 주식 부문에서는 -98.5%의 처참한 손실을 기록했다"
2020.11.04,"기획재정부는 4일 ""미국 대선 관련 불확실성이 장기간 지속될 경우에 대비해 금융·외환시장 변동성 확대 및 대외리스크 지속 가능성에 경각심을 갖고 대응해야 한다""는 입장을 냈다.김용범 기획재정부 1차관은 이날 정부서울청사에서 거시경제금융 관련 부서를 소집해 미 대선 동향과 시나리오별 국내외 경제·시장에 미치는 영향, 대응 계획을 확인하며 이같이 말했다.김 차관은 ""미국 50개 주의 우편투표 관련 유효표 인정방식·개표 종료 시점이 상이하고, 일각에서는 법적 분쟁 가능성까지 나오고 있다""면서 ""조기에 선거 결과가 확정되지 않을 우려가 있다""고 설명했다"
2020.10.30,국채 국고채 채권 (PG)▶ 여기를 누르시면 크게 보실 수 있습니다30일 국고채 금리가 대체로 상승했다.이날 서울 채권시장에서 3년 만기 국고채 금리는 전 거래일보다 0.8bp(1bp=0
2020.10.22,"KB금융 노조가 노조추천이사제에 다시 도전한다. 이 노조는 2017년부터 이번까지 총 4차례에 걸쳐 사외이사 후보를 추천했는데, 지금까지는 주주총회에서 부결되거나 후보들이 자진 사퇴하며 뜻을 이루지 못했다.KB금융은 22일 주주총회 소집공고를 내고 다음달 20일 임시주총을 열어 윤순진 서울대 환경대학원 교수와 류영재 서스틴베스트 대표이사를 새 사외이사로 선임하는 안건을 상정한다고 밝혔다"
2020.11.13,정부가 국내 드론산업을 육성하기 위해 중견기업과 대기업의 공공조달 시장 진입을 단계적으로 허용한다. 공공드론 구매시장에서는 국산드론 구매를 유도해 2022년까지 국산 비율을 67%까지 끌어올린다는 계획이다.하지만 최근 서울시와 국토교통부가 2025년 상용화를 목표로 야심차게 진행한 드론택시 시연회조차 중국산 드론이 사용 것이 알려지며 여론 질타를 받자 뒤늦게 국산화 로드맵을 내놓은 것 아니냐는 비판이 나온다
2020.11.04,카카오뱅크카카오뱅크는 올해 3분기 당기순이익 406억원을 거뒀다고 4일 발표했다. 지난해 같은 기간(58억원)보다 600% 증가한 수치다.1~3분기 누적 당기순이익은 859억원으로 전년 동기(154억원) 대비 458% 늘었다
2020.10.22,9개 금융공공기관의 장애인의무고용 미준수부담금(장애인고용부담금) 납부액이 해마다 늘어나는 것으로 나타났다. 장애인고용부담금이란 장애인 의무고용 인원에 미달하는 수에 따라 사업주가 부담하는 고용부담금을 말한다.국회 정무위원회 소속 배진교의원(정의당)이 22일 2016년부터 2019년까지 9개 금융공공기관의 장애인고용부담금 납부현황을 조사한 결과 이같이 나타났다
2020.11.13,"한국핀테크지원센터는 지난 12일 `제3회 핀테크 아이디어 공모전`을 개최했다고 13일 밝혔다.핀테크 아이디어 공모전은 금융위원회가 주최하고, 한국핀테크지원센터가 주관하는 공모전이다. 지난 8월 18일부터 10월 12일까지 약 2달간 접수를 진행됐다"
2020.10.22,국고채 금리 일제히 하락…3년물 연 0.925% (PG)▶ 여기를 누르시면 크게 보실 수 있습니다22일 국고채 금리가 일제히 하락했다.이날 서울 채권시장에서 3년 만기 국고채 금리는 전 거래일보다 0
2020.11.03,◆ 금감원 방만경영 ◆금융감독원 전체 인력 2000여 명의 20%에 달하는 400여 명이 특별한 보직이 없는 무보직자인 것으로 파악됐다. 최근 라임과 옵티머스 등 사모펀드를 부실하게 감독했다는 지적을 받는 금감원이 조직도 비효율적이고 방만하게 운영하고 있다는 지적이다.윤창현 국민의힘 의원이 금감원으로부터 받은 자료에 따르면 올해 9월 말 금감원 1~3급 중 무보직자는 총 413명으로 확인됐다
2020.11.13,"크리스틴 라가르드 ECB 총재▶ 여기를 누르시면 크게 보실 수 있습니다유럽중앙은행(ECB)이 몇년 안에 디지털 화폐를 발행할 가능성을 크리스틴 라가르드 ECB 총재가 시사했다고 블룸버그통신이 12일(현지시간) 보도했다.라가르드 총재는 이날 ECB 주최 화상 패널 토론 도중에 ""내 느낌으론 그것(디지털 화폐)이 도입될 것 같다""며 ""이용자에게 더 저렴하고, 빠르고, 안전하다면 자세히 살펴봐야 한다""고 말했다.또 ""통화 주권과 유로 지역 자주권에 도움이 되는 경우에도 마찬가지""라고 밝혔다"
2020.11.11,"◆ 옵티머스 펀드 부실 ◆금융감독원이 지난 10일 라임자산운용 사모펀드를 판매한 책임을 물어 3개 증권사 전·현직 최고경영자(CEO)에게 중징계 처분을 내린 가운데 향후 남은 제재 절차에서 어떤 결정이 내려질지 주목된다.금감원은 이날 제재심의위원회를 열고 라임 사태 당시 근무한 김형진·김병철 전 신한금융투자 대표와 박정림 KB증권 대표, 윤경은 전 KB증권 대표, 나재철 전 대신증권 대표(현 금융투자협회장) 등에 대한 제재 수위를 결정했다. 박정림 대표는 사전 통보보다 한 단계 감경된 문책 경고를 받았고 윤경은 전 대표, 김형진 전 대표, 나재철 전 대표는 직무정지 상당 처분을 받았다"
2020.10.22,"코로나19 신규 확진 2만1천명, 사망 200명 넘은 영국▶ 여기를 누르시면 크게 보실 수 있습니다신종 코로나바이러스 감염증(코로나19) 여파로 재정난에 시달리는 영국의 성인이 1천200만명 수준까지 늘어난 것으로 추정됐다고 블룸버그 통신과 로이터 통신이 22일 영국 금융행위감독청(FCA)을 인용해 보도했다.FCA는 지난 7월 7천명을 설문 조사한 결과 이처럼 추정됐다고 밝혔다.이번 추정은 신종 코로나바이러스 감염증(코로나19) 여파가 닥치기 전인 지난 2월의 1천만명보다 200만명이 늘어난 수준이다"
2020.11.03,"◆ 금감원 방만경영 ◆금융감독원에 대한 새로운 통제 시스템이 필요하다는 지적이 잇달아 제기돼 주목된다. 금감원이 예산을 크게 늘릴 때마다 오히려 금융 대란이 발생하는 등 제대로 감독하지 못했고, 내부 비리까지 터져 나왔기 때문이다. 전문가들은 윤석헌 금감원장의 주장처럼 금감원 독립을 추진하기보다는 감독 역량 강화, 공공기관 지정 등 시스템 쇄신이 급선무라고 입을 모은다"
2020.11.13,"국감 답변하는 윤대희 신용보증기금 이사장▶ 여기를 누르시면 크게 보실 수 있습니다차기 은행연합회장 하마평이 나온 윤대희 신용보증기금 이사장이 ""차기 은행연합회장에 뜻이 없다""고 밝혔다.신보는 13일 ""윤 이사장이 앞으로도 신보 이사장으로서 역할을 충실히 수행하겠다고 말했다""고 전했다.은행연합회는 이달 열릴 이사회에서 차기 회장을 선출할 예정이다"
2020.10.22,"인천 스마트시티 추진현황 보고하는 박남춘 인천시장▶ 여기를 누르시면 크게 보실 수 있습니다박남춘 인천시장은 22일 인천 송도를 찾은 문재인 대통령에게 인천형 뉴딜 사업 비전과 스마트시티 조성 계획을 밝혔다.박 시장은 이날 송도 G타워에서 열린 '한국판 뉴딜연계 스마트시티 보고대회'에서 정부의 디지털·그린·휴먼에 바이오를 추가한 '3+1 인천형 뉴딜' 사업을 소개했다.인천형 뉴딜 정책은 디지털 전환을 통한 시민경제·생활수준 향상, 기후위기로부터 환경과 안전수준을 높이는 신성장동력 창출, 세계적 바이오 클러스터 조성, 경제 위기 안전망 구축과 질 높은 일자리 포용 도시 구축을 목표로 한다"
2020.11.03,◆ 금감원 방만경영 ◆1억원 이상 연봉을 받는 금융감독원 직원 10명 중 2명이 `무보직자`로 있다는 조사 결과는 충격적이다. 그만큼 금감원 인력이 비효율적으로 운용되면서 인건비 부담이 갈수록 커지고 있다는 것을 보여주고 있기 때문이다. 금감원이 금융사에서 `감독 서비스` 대가로 걷는 감독분담금도 매년 증가하고 있다
2020.10.30,2023년부터 금융투자소득에 대한 전면과세가 시행될 경우 향후 3년간 약 3조원의 세수가 늘어나고 12만명이 과세대상에 포함될 것이란 전망이 나왔다.30일 국회예산정책처가 발간한 `2021년 총수입 예산안 분석` 자료를 보면 2023~2025년 금융투자소득 신설에 따른 세수효과는 2조9423억원으로 추정된다. 연평균 9808억원씩 세수가 늘어나는 셈이다
2020.11.12,정부가 소상공인 임차료 부담을 낮추기 위해 `착한 임대인`에 대한 혜택을 내놨다.12일 정부는 `제19차 비상경제 중앙대책본부 회의`를 마치고 소상공인 임차료 부담을 완화하기 위해 올해 말로 종료되는 임대료 인하액의 50%를 소득·법인세에서 세액공제해주는 `착한 임대인 세액공제` 적용 기한을 내년 6월까지 연장하기로 했다. 또 소상공인 정책자금 지원 대상에 일정 수준 임대료를 인하한 임대인을 새로 포함하기로 했다
2020.10.22,"금융위원회 산하 8개 금융공기업의 직원 36%가 억대연봉을 받고 있는 것으로 나타났다. 이 가운데 기업은행과 예탁결제원은 기관장 연봉이 4억원을 초과했고, 억대연봉자 비중이 가장 높은 곳은 산업은행으로 드러났다.국회 정무위원회 소속 민형배 의원(더불어민주당)이 금융위원회 산하 8개 금융공기업으로부터 제출받은 자료에 따르면 2019년 기준 전체 직원 2만 3992명 중 36%에 해당하는 8724명의 연봉이 1억원이 넘는 것으로 집계됐다"
2020.11.19,"캠코는 19일 서울 강남구 서울사옥에서 중소기업유통센터와 `중소기업·소상공인 판로확대 및 동반성장을 위한 업무협약`을 체결했다. 협약식에서 정진수 중소기업유통센터 대표(왼쪽 셋째)와 문성유 캠코 사장(왼쪽 넷째), 임직원들이 기념촬영을 하고 있다.[사진 제공 = 캠코][ⓒ 매일경제 & mk"
2020.11.11,"최근 금융위원회가 인터넷전문은행 3인방(카카오뱅크·케이뱅크·토스뱅크)을 한자리에 불러 모았다. 금융위는 이날 신용등급 1~3등급 고신용자에게 치중한 인터넷전문은행 영업 행태에 불편한 심기를 드러냈다고 한다. 금융위 관계자는 ""카카오뱅크와 케이뱅크의 신용등급 4등급 이하 여신 비중이 시중은행보다 낮다""며 ""이대로라면 기존 은행보다 조금 편할 뿐 똑같은 서비스를 하는 큰 은행이 되는 것 아니냐""고 지적한 것으로 전해졌다"
2020.10.22,한국조폐공사는 모바일 지역사랑상품권(지역상품권) `착`(Chak)의 인터넷 사용자 홈페이지에 대한 `웹 접근성 인증마크(WA인증마크)`를 획득했다고 22일 밝혔다.`WA(Web Accessibility) 인증마크`는 과학기술정보통신부로부터 웹 접근성 품질인증기관으로 지정된 한국웹접근성인증평가원이 웹 접근성 우수 기관에 부여하는 인증이다.웹접근성인증평가원은 장애인 및 고령자 등 인터넷 활용이 어려운 정보취약계층이 웹사이트 이용에 불편이 없도록 웹 접근성 표준을 준수한 우수 사이트에 대해 인증마크를 부여한다
2020.11.03,◆ 금감원 방만경영 ◆금융소비자와 금융사 간 분쟁을 원만히 해결하기 위해 마련된 금융감독원 금융분쟁조정위원회에서 분쟁을 처리하기까지 소요되는 시간이 갈수록 길어지고 있다. 3일 윤창현 국민의힘 의원실이 금감원에서 제출받은 `업권별 금융투자 분야 분쟁 조정 처리 현황`에 따르면 지난해 은행 분야에서 금감원이 분쟁 조정 신청을 접수한 뒤 이를 인용하기까지 걸린 기간은 평균 91일이었다. 2016년 평균 소요 기간이 64일이었던 것과 비교하면 30일 가까이 늘어난 셈이다
2020.10.22,"김형동 의원문재인 정부 초대 일자리위원회 부위원장을 지낸 이용섭 광주시장과 야당 의원 간 '일자리 공방'이 벌어졌다.국민의힘 김형동 의원은 22일 국회에서 열린 행정안전위원회의 광주시에 대한 국감에서 ""(이 시장이) 일자리 위원회 부위원장을 맡아 일자리 문제를 진두지휘하면서 발표한 공약이 있는데 재임 기간 일자리가 늘었느냐, 줄었느냐""고 물었다.""재임 기간에는 늘었다""는 이 시장의 답변에 김 의원은 시각 자료를 제시하며 ""그래프에는 저렇게 돼 있다"
2020.11.12,"▲ 이용남씨 별세, 임준하·임춘하[연합뉴스]Copyrights ⓒ 연합뉴스"
2020.11.03,"금융권에 부산·경남 출신 인사를 의미하는 `PK` 인맥이 뜨고 있다. 부산은 문재인 대통령 고향이라 현 정권에서 상징성이 있는 지역이다. 정권 초기에 `부금회(부산 연고 금융인 모임)` 출신으로 회자되는 사람이 몇몇 요직을 차지해 화제가 됐는데, 정권 말기로 접어든 최근 금융권 인사에서도 부산 출신이 약진하는 분위기가 재연되고 있다는 분석이다"
2020.11.12,"금융위원회가 12일 서울 마포구 프론트원에서 금융사, 빅테크(Bigtech)와 `제4차 디지털금융협의회`를 열었다. 도규상 금융위원회 부위원장이 이날 협의회에서 모두발언을 하고 있다.[사진 제공 = 금융위원회][ⓒ 매일경제 & mk"
2020.11.03,국고채 금리 일제히 상승…3년물 연 0.980% (PG)▶ 여기를 누르시면 크게 보실 수 있습니다3일 국고채 금리가 일제히 상승했다.이날 서울 채권시장에서 3년 만기 국고채 금리는 전 거래일보다 0
2020.10.22,"홍남기 부총리 겸 기획재정부 장관은 ""환율이 한 방향으로 지나치게 쏠리는 것은 바람직하지 않다""고 22일 말했다.홍 부총리는 이날 국회에서 열린 기획재정위원회 종합감사에서 정일영 더불어민주당 의원의 관련 질의에 ""정부는 환율 시장 상황을 예의주시하고 있다""면서 이같이 밝혔다.그는 최근 원화 강세 추세가 이어지는 데 대해 ""전체적으로 국내 외환 수급에서는 큰 문제 없이 균형을 이루고 있지만, 위안화가 강세를 보이면서 (원화가) 동조 강세를 보이는 등 심리적 영향이 있었던 것으로 판단한다""고 설명했다"
2020.11.12,서울과 수도권에 이어 지방 전셋값도 급등하면서 지방 은행의 전세자금대출이 폭증했다. 12일 금융권에 따르면 5대 지방 은행(경남·광주·대구·부산·전북)은 9월 말 기준 전세자금대출 잔액이 1조9589억원을 기록했다. 이는 지난해 말과 비교하면 64%나 증가한 수치다
2020.10.29,강승준 기획재정부 재정관리관기획재정부의 신임 재정관리관(차관보)으로 강승준 국민경제자문회의 지원단장(사진·행시 35회)이 승진 임명됐다.강 재정관리관은 서울대 경제학과를 졸업하고 미국 미주리주립대 경제학 박사 과정을 밟았다. 기재부에서는 과장 시절 예산총괄과장·예산정책과장·국토해양예산과장·평가분석과장·공공제도기획과장 등 재정과 예산 분야 보직을 두루 맡았다
2020.11.03,"기술보증기금은 대학 우수 인재의 창업 활성화를 위해 지난 2일 연세대학교 공과대학과 `대학 우수인재 창업 및 기술 사업화를 위한 업무협약`을 체결했다고 3일 밝혔다.이번 협약은 우수한 기술과 아이디어를 보유한 공학 인재들의 도전적 창업을 활성화하고 기술 사업화를 촉진하기 위한 종합지원체계를 구축하기 위해 마련됐다.협약에 따라 연대 공대는 대학 내 우수 창업기업을 기보에 추천하고, 기보는 해당 기업에 보증·투자 등의 금융지원과 컨설팅, 기술이전, 기업공개(IPO) 지원 등 비금융지원의 투트랙으로 캠퍼스 창업기업의 성공을 지원한다"
2020.11.19,앞으로는 신분증 제시 없이 모바일 애플리케이션(앱) 인증을 통해 은행에서 대출을 받거나 외환 거래를 할 수 있게 된다. 보험 만기금을 포인트로 지급받은 뒤 온라인 플랫폼에서 각종 물품을 할인된 가격으로 구매하는 것도 가능해진다.19일 금융위원회는 혁신금융심사위원회를 개최하고 이 같은 금융 규제 샌드박스 혁심금융서비스 5건을 지정했다고 밝혔다
2020.10.22,"▶ 여기를 누르시면 크게 보실 수 있습니다한국신용정보원은 이달부터 '빅데이터 개방시스템(CreDB)'의 효용성·확장성·편의성을 개선한 '맞춤형 DB' 시범 서비스를 시작한다고 22일 밝혔다.신용정보원은 시범 서비스를 통해 서비스 이용 절차를 표준화하고 원격분석 시스템을 최적화한 뒤 내년부터 이용 신청을 받아 맞춤형 DB[012030]를 제공할 계획이다.시범 서비스에는 신한카드, KB손해보험, 삼성생명[032830] 등 금융사 3곳을 비롯해 핀테크사 피플펀드, 서울대, 연세대, 고려대 등 7개 기관이 참여한다"
2020.11.12,국고채 금리 일제히 하락…3년물 연 0.969% (PG)▶ 여기를 누르시면 크게 보실 수 있습니다12일 국고채 금리가 일제히 하락했다.이날 서울 채권시장에서 3년 만기 국고채 금리는 전 거래일보다 2
2020.10.22,가상화폐 상승(PG)▶ 여기를 누르시면 크게 보실 수 있습니다가상화폐(암호화폐)의 대표주자 격인 비트코인이 온라인 결제업체 페이팔의 가상화폐 사용 허용 소식에 약 2년9개월 만에 1만3천달러를 넘어섰다.가상화폐 사이트 코인데스크에 따르면 비트코인 가격은 22일 오전 한때 1비트코인당 1만3천229.37달러까지 치솟았다
2020.11.11,국고채 금리 일제히 상승…3년물 연 0.989% (PG)▶ 여기를 누르시면 크게 보실 수 있습니다11일 국고채 금리가 일제히 상승했다.이날 서울 채권시장에서 3년 만기 국고채 금리는 전 거래일보다 1
2020.11.12,전자상거래업체가 마이데이터 사업자에 범주화한 주문내역 정보를 개방하기로 했다. 예를 들어 고객이 A브랜드 원피스를 샀다면 `여성복`이라는 카테고리를 마이데이터 사업자들과 공유하는 식이다. 주문내역 정보 개방을 두고 갈등해온 전자상거래업체와 금융사가 합의점을 찾은 것이다
2020.11.12,제2차 조선해양 사내협력 상생협의회▶ 여기를 누르시면 크게 보실 수 있습니다올해 말로 300인 미만 사업장에 부여됐던 주52시간제 계도 기간이 종료하는 가운데 인력수급이 어려운 조선업 중소기업에 주52시간제 적용을 유예해야 한다는 제안이 나왔다.조선해양산업 발전협의회는 12일 를 열고 주52시간제가 조선업계에 미치는 영향과 대안을 논의했다.조선해양산업 발전협의회는 원하청 간 이견 완화와 현안에 대한 공동 해결책 마련을 위해 올해 7월부터 조선 5사 등이 참여하는 상생협의회를 운영 중이다
2020.11.03,"""장모님, 급하게 송금할 곳이 있는데 저 대신 먼저 보내주실 수 있을까요? 제가 내일 바로 보내드릴게요.""메신저를 통해 가족이나 친구를 사칭해 접근한 뒤 자금 이체나 개인정보를 요구하는 사례가 늘어 주의가 요구된다.3일 금융감독원에 따르면 올해 1~9월 발생한 메신저 피싱 피해 건수는 6799건으로 지난해 동기 대비 14"
2020.11.12,"알리바바 창업자 마윈과 자회사 앤트그룹 (PG)▶ 여기를 누르시면 크게 보실 수 있습니다중국 정부가 거대 IT기업 규제에 속도를 내고 있다.알리바바, 텐센트, 메이퇀(美團) 등의 몸집이 너무 커져버려 통제 불가능한 상황이 오기 전 제동을 걸겠다는 의도라는 해석이 나온다.또한 중국 최대 전자상거래업체 알리바바의 창업자 마윈에 대한 옥죄기가 계속되고 있다는 관측이다"
2020.11.03,가상화폐거래소▶ 여기를 누르시면 크게 보실 수 있습니다홍콩 증권선물위원회(SFC)가 가상화폐(암호화폐) 거래소 규제를 허가제로 변경하기로 했다고 로이터통신이 3일 보도했다.이에 따라 앞으로 홍콩에서 운영되는 가상화폐거래소는 모두 SFC의 승인을 받아야 한다.홍콩 당국이 지난해 가상화폐거래소 규제를 도입하면서 적용 대상을 비트코인 같은 토큰(token)이 아니라 증권이나 선물 자산으로 한정하자 이를 악용해 일부 가상화폐거래소가 규제를 피하려 하는 데 따른 보완책이다
2020.11.03,"신용보증기금▶ 여기를 누르시면 크게 보실 수 있습니다▲ 신용보증기금은 3일 대구 동구에 있는 신보 직원 숙소인 청림재에서 지역사회 관계자들을 초청해 '안심마을-신용보증기금 햇빛발전소' 준공식을 개최했다. 햇빛발전소 사업은 공공기관이 발전소 부지를 제공하고 지역주민으로 구성된 협동조합이 발전 시설을 설치한 뒤 이를 통해 창출된 발전 수익을 지역사회와 공익사업에 활용하는 사업이다. 이 사업에 신보는 직원 숙소인 청림재 건물 옥상을 무상으로 제공하고, 지역 주민 30여명으로 구성된 안심에너지협동조합이 발전시설을 설치했다"
2020.11.19,국고채 금리 대체로 상승…3년물 연 0.955% (PG)▶ 여기를 누르시면 크게 보실 수 있습니다19일 국고채 금리가 대체로 상승했다.이날 서울 채권시장에서 3년 만기 국고채 금리는 전 거래일보다 0
2020.10.22,"홍남기 부총리 겸 기획재정부 장관은 주식 양도소득세를 부과하는 대주주 기준을 예정대로 강화하되 가족합산을 개인별로 바꾸는 기존 수정안을 선택했다.홍 부총리는 22일 국회 기획재정위원회의 종합감사에서 더불어민주당 양향자 의원의 질의에 이같이 답변했다.양 의원이 대주주 양도세 강화에 대한 의견을 묻자 ""양도세를 부과하는 대주주 기준을 10억원에서 3억원으로 강화하는 방안은 2년 반 전에 시행령상에 이미 개정된 상태이므로 그대로 갈 수밖에 없다""면서 ""다만 가족합산은 인별로 전환하는 쪽으로 그렇게 준비하고 있다""고 답변했다"
2020.10.29,"■ 인터뷰 = 노영우 금융부장방문규 수출입은행 행장이 지난 27일 서울 여의도 수출입은행 본사에서 행장 취임 1주년을 맞아 진행한 매일경제와 인터뷰에서 그간의 성과와 향후 계획에 대해 밝히고 있다. [김호영 기자]""지금은 아시아나항공 유동성이 너무 부족한 상태다. 유동성 문제를 해결한 후 (다시) 인수·합병(M&A)을 추진할 것"
2020.11.03,RBA 앞을 한 행인이 지나가는 모습.호주중앙은행(RBA)이 3일 기준금리를 종전 0.25%에서 0
2020.11.11,조달청이 혁신제품 지정·구매 등 혁신조달과 공공서비스 향상을 위해 대내외 소통에 적극적으로 나선다. 이를 위해 11일부터 세 차례에 걸쳐 `혁신조달 활성화`를 위한 연속 토론회도 연다. 혁신조달 추진 상황을 점검하고 문제점과 개선방안을 도출한다는 복안이다
2020.11.03,"데이터 솔루션 플랫폼 뱅크샐러드가 과학기술정보통신부가 주관하는 `2020 국가연구개발 우수성과 100선`에 선정됐다고 3일 밝혔다.`국가연구개발 우수성과 100선`은 국가 발전을 이끄는 과학기술에 대한 국민들의 관심을 도모하고 과학기술인들의 자긍심을 고취하고자 과기정통부에서 매년 우수 기업들을 선정해 인증하고 포상하는 행사다.뱅크샐러드는 `데이터 기반 개인 맞춤형 금융 솔루션 앱 개발`로 정보·전자 분야의 우수 사례에 이름을 올렸으며, 우수성과 100선 가운데 모바일 서비스로는 뱅크샐러드가 유일하다"
2020.11.11,민주당 괴산서 충청권 현장 최고위 개최▶ 여기를 누르시면 크게 보실 수 있습니다충남도가 집권 여당인 더불어민주당에 가로림만 해양정원 조성사업 등 지역균형 뉴딜사업 추진에 협조해 달라고 요청했다.양승조 지사는 11일 충북 괴산군청에서 이낙연 대표 주재로 열린 '지역균형 뉴딜 현장최고위원회의'에 참석해 충남도의 뉴딜 사업을 소개했다.이날 회의에는 더불어민주당 지도부와 충청권 4개 시도 단체장 등이 참석했다
2020.11.03,카카오톡 메신저나 문자로 지인을 사칭해 자금 이체나 개인정보를 요구하는 메신저 피싱이 지속적으로 늘어 주의를 요한다.3일 금융감독원에 따르면 올해 1월부터 9월까지 메신저피싱의 피해 금액은지난해 같은기간(237억원) 보다 25.3% 늘어난 297억원으로 나타났다
2020.11.03,[서울시 제공. 재판매 및 DB 금지]▶ 여기를 누르시면 크게 보실 수 있습니다서울시는 금융산업 발전 전략을 모색하기 위해 4∼6일 여의도 일대에서 '2020 서울금융위크 ＆ 서울국제금융콘퍼런스'를 개최한다고 3일 밝혔다.첫날은 금융·핀테크 분야 유망기업을 발굴하는 '지식재산 컴피티션'이 진행된다
2020.11.03,"금융위원회는 미국 대선과 코로나19 재확산 우려 등으로 금융시장 변동성이 커질 것에 대비해 점검을 강화하겠다고 3일 밝혔다.김태현 금융위원회 사무처장은 이날 금융리스크 대응반 화상 회의에 참석해 ""미국 대선 결과 및 경기부양책 규모의 불확실성, 미국·EU(유럽연합) 등 주요국의 코로나19 재확산 우려 등 불안 요인이 있는 만큼 금융시장 상황에 대한 모니터링을 강화하겠다""고 전했다.김 사무처장은 또 ""시장 변동성이 확대될 경우 필요한 조치를 신속히 시행하겠다""고 말했다"
2020.10.29,국고채 금리 일제히 상승…3년물 연 0.927% (PG)▶ 여기를 누르시면 크게 보실 수 있습니다29일 국고채 금리가 일제히 상승했다.이날 서울 채권시장에서 3년 만기 국고채 금리는 전 거래일보다 1
2020.10.22,"초창기 성가신협 임원▶ 여기를 누르시면 크게 보실 수 있습니다서민 금융기관인 신협은 1960년 5월 1일 부산 메리놀 수녀회병원에 처음 문을 열었다.한국전쟁 이후 경제적 어려움을 스스로 극복하고자 메리 가브리엘라 수녀의 지도로 27명이 뜻을 모아 설립한 성가신협이 국내 신협의 원조다.창립 출자금은 메리놀병원 직원과 성분도병원, 가톨릭구제회 직원 등이 내놓은 3천400환이었다"
2020.11.11,5000억원 넘는 투자금이 환매중단된 옵티머스자산운용 펀드 투자금 가운데최소 401억원에서 783억원까지 회수가능할 것으로 보인다.금융감독원은 삼일회계법인의 옵티머스자산운용 펀드 실사 결과를 11일 공개하고 이같이 밝혔다.앞서 삼일회계법인은 7월 1일부터 옵티머스자산운용 펀드 투자자금의 63개 최종 투자처에 대한 실사를 실시해 최종 보고서를 옵티머스자산운용에 지난 10일 제출했다
2020.11.19,"정부가 8대 소비쿠폰 정책을 사회적 거리두기 1.5단계 조치 아래에서는 계속 해나가기로 했다.김용범 기획재정부 1차관은 19일 정부서울청사에서 열린 비상경제 중앙대책본부 회의 정례 브리핑에서 ""거리두기 1"
2020.11.03,"▶ 여기를 누르시면 크게 보실 수 있습니다하나금융그룹은 공식 유튜브 채널인 '하나TV'에서 어린이를 위한 금융교육 콘텐츠를 선보인다고 3일 밝혔다.'하나TV' 어린이 금융교육은 어린이들이 올바른 금융 습관을 가질 수 있도록 유치원생부터 초등학교 저학년·고학년을 위한 맞춤형 금융교육을 진행한다고 하나금융은 설명했다. 하나금융그룹 대학생 SNS 서포터즈가 용돈을 관리하는 방법과 저축, 건전한 소비 습관 등을 노래와 율동으로 알기 쉽게 설명한다"
2020.10.29,한국조폐공사가 IBK기업은행과 손잡고 중소기업 대출 및 이자 지원을 통한 지역경제 활성화에 나선다.조폐공사는 대전 본사에서 IBK기업은행과 `중소기업 금융지원을 위한 신(新)동반성장협력 업무협약`을 체결했다고 29일 밝혔다. 이에 따라 기업은행은 총 60억원 규모의 `한국조폐공사 KOMBI 신동반성장협력대출` 상품을 지역 중소기업에 제공할 방침이다
2020.11.10,SGI서울보증 신임 사장에 유광열 전 금융감독원 수석부원장(57)이 단독 후보로 추천됐다. 10일 금융업계에 따르면 서울보증 임원후보추천위원회는 이날 유 전 부원장과 김상택 서울보증 사장 등 2명에 대한 면접심사를 실시한 후 유 전 부원장을 최종 후보로 내정했다.서울보증은 조만간 이사회를 열고 유 전 부원장을 최종 후보자로 결정할 예정이다
2020.11.02,"중국발 보이스피싱(CG)▶ 여기를 누르시면 크게 보실 수 있습니다서울지방경찰청 광역수사대는 검사를 사칭해 피해자에게 돈을 보내도록 한 뒤 면세점 가상계좌를 이용해 수천만원을 빼돌린 중국인 전화금융사기(보이스피싱) 일당을 수사하고 있다고 2일 밝혔다.경찰은 지난 8월 A 면세점 법인계좌에 대한 압수수색 영장을 집행해 확보한 자료를 분석하고 있다.경찰에 따르면 이들은 지난 7월 피해자의 계좌에서 6천만원을 빼내 A 면세점 홈페이지에 공개돼 있던 가상계좌로 입금하고, 입금된 돈을 모두 면세점 포인트로 전환해 화장품을 구매한 혐의를 받는다"
2020.11.10,▶ 여기를 누르시면 크게 보실 수 있습니다코로나19 이후 모바일뱅킹 등 비대면 거래가 일상화하면서 은행 창구에서 돈을 부치는 사람은 100명 중 한 명도 채 안 되는 것으로 파악됐다. 일부 고연령층을 제외하면 은행 창구에서 금융 거래를 하는 모습은 갈수록 사라지고 있다.10일 윤두현 국민의힘 의원이 금융감독원에서 받은 자료에 따르면 전체 은행 송금 거래 가운데 은행 창구에서 이뤄지는 거래 비중은 올해 상반기 0
2020.11.02,"세계 최대 의결권 자문사인 ISS가 KB금융지주 우리사주조합이 추천한 사외이사에 대해 반대 의견을 냈다. 그간 KB금융 노조는 작년까지 세 차례 사외이사들을 추천했고, 올해는 우리사주조합 이름으로 사외이사 2명을 추천했는데 ISS가 앞서 판단과 마찬가지로 올해도 반대한 것이다. ISS가 KB금융 지분 중 65%를 차지하는 외국인 투자자 표심을 좌지우지하기 때문에 올해도 `노조 추천 사외이사제` 도입은 쉽지 않을 것으로 보인다"
2020.11.02,"""We believe he(손병두 금융위 부위원장) will be back.""은성수 금융위원회 위원장이 2일 손병두 부위원장(차관급) 이임식에서 손 부위원장이 다시 복귀할 것임을 예고하는 발언을 내놔 주목받았다.은 위원장은 ""꺼진 불도 다시 보자는 말이 있다""며 ""손 차관은 잠시 재충전의 기회를 갖게 됐고, 위원장으로 오는 건 시간문제""라고 말했다"
2020.11.10,최근 활발히 진행되는 공공기관과 금융 유관 협회 등 수장 인선에 공직자윤리위원회가 변수로 떠오르고 있다. 퇴직한 공무원들이 후보로 많이 거론되면서 공윤위 취업 제한 심사를 통과하는 것이 그 어느 때보다 중요해졌기 때문이다. 국가·지방자치단체 정무직 공무원이나 공직 유관 단체 임직원 등은 퇴직일로부터 3년간 취업 제한을 받는다
2020.10.21,◆ 라임·옵티머스 펀드 의혹 ◆금융위원회가 라임·옵티머스 등 사모펀드 비리의 뇌관 제거를 위해 이른바 `사모펀드 쪼개기 방지법`을 내놓는다.라임자산운용과 옵티머스자산운용 등 사모펀드 운용사들이 금융당국의 복잡한 심사와 공시가 필요한 공모펀드 요건을 피해 무늬만 사모펀드인 시리즈 펀드를 대거 운용하면서 투자자들 돈을 끌어모은 뒤 불법 투자를 일삼은 정황이 포착됐기 때문이다.21일 증권업계에 따르면 금융위는 최근 사모펀드 쪼개기 편법을 막기 위한 자본시장법 시행령 개정안을 준비하고 법제처에 심사를 의뢰한 것으로 확인됐다
2020.11.10,중국 앤트그룹 기업공개(IPO) (PG)▶ 여기를 누르시면 크게 보실 수 있습니다중국 당국에 의해 앤트그룹의 기업공개가 중단되고서 중국의 은행주들이 강세라고 블룸버그통신이 10일 보도했다.중국 금융당국이 인터넷 대출업체의 소액 금융 대출에 대한 규제를 강화하면서 기존 은행들이 수혜를 보게 된 데 따른 것이다.특히 소비자 금융의 강자인 중국 초상은행(CMB)은 이달 들어 홍콩 증시에서 주가가 18% 상승했고 이날도 3
2020.11.02,국고채 금리 일제히 상승…3년물 연 0.971% (PG)▶ 여기를 누르시면 크게 보실 수 있습니다2일 국고채 금리가 일제히 상승했다.이날 서울 채권시장에서 3년 만기 국고채 금리는 전 거래일보다 3
2020.10.28,"SGI서울보증보험은 28일 마감된 대표이사 후보 공모에 총 5명이 지원했다고 이날 밝혔다.지원자는 강병세 전 SGI서울보증 전무, 김광남 전 예금보험공사 부사장, 김상택 현 SGI서울보증 사장, 서태종·유광열 전 금융감독원 수석부원장(가나다순) 등이다.강병세·김상택 씨는 내부 출신이고, 김광남 씨는 서울보증 경영관리를 담당한 이력이 있다"
2020.11.19,"한국조폐공사가 4차 산업혁명 시대를 맞아 디지털 기업으로 변신하고 있어 눈길을 끈다. 조폐공사의 변신은 조용만 사장이 지난 2018년 1월 취임 이후 `업(業)의 진화`를 슬로건으로 강도높게 추진해온 경영 혁신 덕분이라는 평가가 나온다.19일 관련업계에 따르면 조폐공사는 모바일 화폐·신분증 시대에 적극 대응하는 한편 ICT(정보통신기술) 관련 부서를 확대하고, 신성장 사업의 강화에 나서고 있다"
2020.11.02,"한국조폐공사는 2일 `한국의 대표 화가 시리즈` 첫 번째 제품인 이중섭 기념메달 판매에 들어갔다. 이중섭 기념메달은 조폐공사의 은행권 디자인 기술과 조각기법을 메달에 적용, 화가의 초상과 작품을 지폐형으로 만들었다.메달 앞면은 이중섭의 초상과 대표작 `애들과 물고기와 게`(1950년대, 국립현대미술관 소장 작품)를 담고, 발행연도 2020과 `A Painter`s Dream` 글자를 새겼다"
2020.10.28,"정세균 국무총리는 “내년도 로봇 예산은 올해보다 32% 증액한 2천억원 수준으로 편성해 연구개발과 인력양성을 적극 지원하고, 낡은 규제는 선제적으로 정비하겠다""고 말했다.정 총리는 28일 경기 고양시 킨텍스에서 개최한 ‘로봇산업과 규제혁신 현장 대회’에서 ""이미 미국과 일본, 중국 등은 (로봇) 시장 선점을 위해 치열한 경쟁에 나서고 있다. 정부는 오는 2023년 글로벌 4대 로봇강국으로 진입한다는 목표를 갖고 최선을 다해 로봇산업을 지원할 것""이라며 이 같이 밝혔다"
2020.11.02,정부가 전 국민 고용보험 확대를 역점 과제로 추진하는 가운데 국세청이 첫 단추로 국민 소득을 파악하기 위한 전담조직을 만들었다.2일 국세청에 따르면 지난달 26일 차장 직속으로 소득 파악 태스크포스(TF)를 설치했다. TF는 총괄팀장 등 4개팀과 인력 14명으로 구성됐다
2020.10.28,"한국조폐공사는 28일 연구개발특구진흥재단과 손잡고 포스트 코로나 시대를 이끌 벤처와 스타트업 기업 발굴 및 지원에 나선다고 28일 밝혔다.이에 따라 두 기관은 `조-연(한국조폐공사, 연구개발특구진흥재단)과 함께 포스트 코로나 시대를 이끌 주연 발굴`을 슬로건으로 크라우드펀딩(crowd funding) 지원 사업을 공동으로 진행키로 했다.지원 대상 벤처 및 스타트업은 △위변조방지·보안·인증 등 조폐공사의 업(業)과 관련된 분야 △코로나19 극복·예방과 포스트 코로나 관련 사업 분야 기업으로, 모집 신청 마감은 다음달 5일이다"
2020.11.10,국고채 금리 일제히 상승…3년물 연 0.976% (PG)▶ 여기를 누르시면 크게 보실 수 있습니다10일 국고채 금리가 일제히 상승했다.이날 서울 채권시장에서 3년 만기 국고채 금리는 전 거래일보다 1
2020.11.02,내년부터 스마트폰 앱플리케이션을 통해 환전을 신청하고 집 근처 편의점에서 외화를 수령할 수 있게 된다. 또 외국인 관광객이 해외에서 외화를 국내로 송금한 뒤 방한해 관광지 ATM에서 원화를 인출해 사용할 수 있게 된다.2일 기획재정부는 외국환 거래 규정에 따른 신사업 규제 신속 확인·면제 제도 시행 결과 총 5건의 사업에 대한 규제를 면제할 계획이라고 밝혔다
2020.11.10,"전 세계적인 경제 위기 속에 우리나라의 고용시장도 얼어붙고 있습니다. 최근 고용노동부가 발표한 자료에 의하면, 지난 9월 구직급여 지급액은 1조 1,663억 원이었는데요. 이는 전달보다 689억 원이나 증가한 수치입니다"
2020.10.21,"◆ 라임·옵티머스 펀드 의혹 ◆금융정의연대, 참여연대 등 시민단체들이 21일 서울 여의도 금융감독원 앞에서 옵티머스 펀드 금융사기에 연루된 금융사와 감독 책임을 다하지 못한 금융당국을 규탄하는 기자회견을 하고 있다. [김호영 기자]`옵티머스크리에이터전문투자형사모투자신탁제1호` 펀드는 2019년 6월 19일에 315억원으로 설정됐다. 이후 일주일 뒤인 같은 달 26일 똑같은 이름의 2호와 3호 펀드가 각각 156억원, 152억원으로 설정됐다"
2020.11.09,"홍남기 부총리 겸 기획재정부 장관은 9일 국회 예산결산특별위원회 전체회의에서 ""전세시장에 여러 요인이 복합적으로 작용하면서 아직도 (전세가격) 상승세가 꺾이지 않는 측면에 대해 송구스럽게 생각한다""고 9일 말했다.홍 부총리는 ""사실 임대차 3법도 일부 영향이 있었을 것 같다고 예상되지만, 한편으로는 안정적으로 전세 계약을 연장할 수 있는 혜택을 받은 분도 엄청나게 많다는 것을 같이 기억해야 한다""며 이같이 밝혔다.그러면서 ""전세시장은 매매시장과 동전의 양면처럼 묶여있는 측면이 있다""면서 ""전세 대책을 강하게 하다 보면 매매시장으로 파급이 미치는 것도 있어서, 함부로 전세 대책을 해서는 안 된다""고 말했다"
2020.10.28,"'옵티머스 부실감독, 금감원 공익감사 청구'▶ 여기를 누르시면 크게 보실 수 있습니다참여연대와 민주사회를 위한 변호사모임(민변) 민생경제위원회, 금융정의연대 등 시민단체는 28일 서울 영등포구 금융감독원 후문에서"
2020.11.09,국고채 금리 일제히 상승…3년물 연 0.959% (PG)▶ 여기를 누르시면 크게 보실 수 있습니다9일 국고채 금리가 일제히 상승했다.이날 서울 채권시장에서 3년 만기 국고채 금리는 전 거래일보다 1
2020.11.19,"최근 날씨가 쌀쌀해지면서, 불우이웃들에게 온정이 필요한 계절이 성큼 다가왔습니다.이에 따라 금융투자업계도 겨울을 맞이해 사회공헌 활동을 펼쳤습니다.#금융투자업계 #금투업계 #금융투자협회 #금투협회 #나재철 #초록우산어린이재단 #정무위원회 #매일경제TV[ⓒ 매일경제 & mk"
2020.11.19,기술보증기금 본점▶ 여기를 누르시면 크게 보실 수 있습니다기술보증기금은 신종 코로나바이러스 감염증(코로나19) 확산에 따라 효율적인 감사 업무를 수행하기 위해 비대면 감사시스템인 오아시스 센터를 구축했다고 19일 밝혔다.오아시스는 코로나19의 세계적 유행이라는 위기 상황에 효율적으로 대응할 수 있는 감사시스템이라는 의미를 담고 있다고 기보는 설명했다.고화질 카메라와 대형 모니터를 갖춘 중앙 감사통제실에서는 실시간으로 현장을 점검하고 화상 면담과 자료 송수신 등을 할 수 있다
2020.11.09,"인공지능 간편투자 `핀트`를 운영하는 디셈버앤컴퍼니자산운용은 핀트의 `모의투자` 서비스가 투자에 대한 진입장벽을 낮춰주며 초보투자자들에게 인기를 끌고 있다고 9일 밝혔다.핀트는 언제 어디서나 쉽고 간편하게 글로벌 자산 투자를 할 수 있는 로보어드바이저 간편투자 플랫폼으로 이용자의 투자 성향에 맞추어 글로벌 ETF 포트폴리오 구성 및 운용, 입출금까지 투자의 전 과정을 AI가 대신해 준다. 국내에서는 모바일 비대면 투자일임 시장을 최초로 연 서비스로도 주목받아 왔다"
2020.11.19,"우리나라가 주요 국가와 비교해 노동시장 규제는 엄격하고, 노동비용 부담은 크다는 조사 결과가 나왔다.전국경제인연합회 산하 한국경제연구원은 주요 5개국(G5)인 미국·영국·독일·프랑스·일본과 한국의 노동시장 유연성을 비교한 결과 이같이 나타났다고 19일 밝혔다. 한경연은 고용·해고 규제, 근로시간 규제, 노동비용 등 3가지 분야를 집중적으로 분석했다"
2020.10.28,"나라 살림살이를 보여주는 대표적 지표인 관리재정수지가 실제보다 재정상황이 양호한 것처럼 보이게 한다는 지적이 나왔다. 과거와 달리 고용보험 등 사회보장성기금이 만성적인 적자로 돌아섰기 때문인데, 이에 따라 관리재정수지 산출방식에도 조정이 필요하다는 목소리가 높다.28일 국회 예산정책처는 `2021년도 예산안 총괄 분석` 보고서에서 재정건전성 지표인 관리재정수지의 산출방식 변경을 검토할 필요가 있다고 밝혔다"
2020.10.21,"◆ 라임·옵티머스 펀드 의혹 ◆금융감독원이 1조원 이상 투자자 피해를 낸 `라임 사태`와 관련해 라임 펀드 판매사인 신한은행과 우리은행에 펀드 불완전 판매를 지적하는 검사의견서를 보낸 것으로 확인됐다. 증권사에 이어 은행에도 라임 펀드 판매와 관련한 금감원 제재가 가해지는 수순을 밟고 있는 모양새다.21일 관련 업계에 따르면 금감원은 신한은행과 우리은행에 라임 펀드를 판매할 때 소비자에게 정확한 정보를 전달하지 않고, 내부 통제를 부실하게 한 점 등을 지적하는 검사의견서를 교부했다"
2020.11.18,"`전자지급결제청산`을 둘러싸고 금융위원회와 한국은행이 힘겨루기에 나섰다. 금융위가 전자금융거래법 개정을 통해 디지털 지급거래청산 시스템을 준비하는 가운데, 한은은 `지급결제`는 한은의 고유 권한으로 금융위 법 개정은 중복 규제라며 반발하고 나선 것이다. 이 같은 충돌 이면에는 금융결제원장 자리를 어느 기관이 가져가느냐에 대한 `밥그릇 싸움` 성격이 있다는 지적도 제기된다"
2020.10.28,[한경우
2020.10.21,윤대희 신용보증기금 이사장(가운데)이 20일 경북 영천시 소재 우신스틸을 방문해 코로나19 피해 현장 목소리를 듣고 있다.[사진 제공 = 신용보증기금][ⓒ 매일경제 & mk.co
2020.11.18,비트코인이 한때 국내 거래소 기준 2000만원을 돌파하며 상승 랠리를 이어갔다. 이번 상승은 세계 각국과 기업 등에서 가상 자산을 활용하는 방안을 잇달아 내놓으면서 기대감이 커져 비트코인으로 자금이 모이고 있다는 분석이 나온다.18일 국내 가상자산 거래소 빗썸에 따르면 이날 오후 3시 기준 비트코인은 1963만원에 거래됐다
2020.11.09,"신용카드 연체채무와 관련해 카드사가 가족에게 추심하는 것이 명시적으로 금지되고, 현금서비스도 카드를 발급받을 때 별도로 신청한 경우에만 이용이 가능하게 된다.금융감독원은 9일 카드 소비자의 권익 제고를 위한 `개인회원 표준약관`을 개정해 발표했다.개정된 표준약관은 본인회원의 연체채무에 대해 카드사가 가족회원에게 추심을 하지 못하도록 명시해 부당한 추심을 방지한 것이 특징이다"
2020.10.21,국고채 금리 일제히 상승…3년물 연 0.934% (PG)▶ 여기를 누르시면 크게 보실 수 있습니다21일 국고채 금리가 일제히 상승했다.이날 서울 채권시장에서 3년 만기 국고채 금리는 전 거래일보다 2
2020.11.18,최근 금융권의 신용대출 증가율과 주가 상승률 간에 밀접한 관련이 있는 것으로 파악돼 주목받고 있다.18일 금융권과 한국거래소에 따르면 7월 말 코스피는 2249.37이었다
2020.10.28,[한경우
2020.11.18,크리스틴 라가르드 유럽중앙은행(ECB) 총재가 코로나19 백신이 나오더라도 경기부양책 계획을 바꿀 만큼 `게임 체인저`가 되지 못할 것이라고 밝혔다.라가르드 총재는 17일(현지시간) 블룸버그 통신과 인터뷰에서 백신 뉴스가 있지만 코로나 2차 확산과 봉쇄령에 대한 소식도 함께 나오고 있다며 이처럼 밝혔다.그는 ECB는 경기침체가 더 악화하는 것을 막는데 집중하고 있고 의료적인 해결책은 내년에나 나올 것을 가정한다면 내달 경기부양책을 재조정할 것이라고 했다
2020.11.18,국고채 금리 일제히 하락…3년물 연 0.949% (PG)▶ 여기를 누르시면 크게 보실 수 있습니다18일 국고채 금리가 일제히 하락했다.이날 서울 채권시장에서 3년 만기 국고채 금리는 전 거래일보다 1
2020.11.18,"금융위원회는 18일 정례회의를 열어 6개 금융사의 본인신용정보관리업(마이데이터) 허가 심사를 보류하기로 결정했다.해당 금융사는 경남은행, 삼성카드, 하나금융투자, 하나은행, 하나카드, 핀크다.금융위는 ""신청인의 대주주에 대한 형사소송, 제재 절차가 진행 중인 사실이 확인돼 소송 등의 절차가 끝날 때까지의 기간은 심사 기간(60일)에서 제외하는 결정을 했다""며 ""심사 보류를 결정하게 된 사유가 해소되는 경우 허가 심사가 즉시 재개된다""고 설명했다"
2020.11.09,"2020 대한민국 균형발전박람회 포스터울산시는 9∼11일 온라인으로 진행되는 2020 대한민국 균형발전박람회에서 '울산시 전시관'을 운영한다고 밝혔다.국가균형발전위원회와 산업통상자원부 등이 공동 주최하는 이 박람회는 전국 17개 시·도 및 공공기관의 지역뉴딜 정책 사례를 소개하고 홍보하는 자리다.애초 9월 초 충북 청주시 문화제조창에서 오프라인 행사로 열릴 예정이었으나, 신종 코로나바이러스 감염증(코로나19) 재확산 차단을 위해 온라인 방식으로 전환해 이번에 열린다"
2020.10.28,JP모건 체이스미국의 대형 투자은행(IB) JP모건이 블록체인과 디지털 화폐 사업을 전담할 부서를 최근 도입했다고 미 CNBC 방송이 27일(현지시간) 보도했다.'오닉스'로 이름 붙여진 이 사업에는 직원 100명 이상이 배치됐다.앞서 JP모건은 미국 달러화와 1대 1 비율로 가치가 고정되는 디지털 화폐인 'JPM 코인'의 개발을 올해 완료했다
2020.11.18,ECB 통화정책회의 후
2020.10.28,"서울 모든 중·고등학교 신입생이 내년부터 `입학준비금`을 받는다.부모의 소득 수준과 상관없이 대상자 전원에게 지급하는 일종의 교육 기본소득으로 1인당 30만 원씩 지급하는 방향이 유력하다.서울시교육청은 서울시교육청과 서울시, 서울시구청장협의회가 최근 이 같은 내용의 입학준비금 지급에 잠정 합의했다고 28일 밝혔다"
2020.11.18,"공모주 일반(개인) 청약자들에게 배정하는 물량이 현행 20%에서 25∼30% 수준으로 늘어난다.소액 청약자를 배려하기 위해 개인 청약자 물량 가운데 절반 이상은 균등 방식으로 배정된다.금융위원회와 금융감독원, 금융투자협회는 18일 기업공개(IPO)에서 공모주 일반 청약자의 참여 기회를 확대하는 방안을 발표했다"
2020.10.28,[한경우
2020.11.18,한국경제연구원국제노동기구(ILO) 협약 비준을 위한 노동조합법 개정 논의가 임박한 가운데 노동계 원로가 현 노동정책과 노조법 개정에 대해 쓴소리를 쏟아냈다.한국경제연구원은 18일 서울 여의도 전경련 콘퍼런스센터에서 '김대환 전(前) 노동부 장관 초청 노동 개혁 방안 좌담회'를 열었다.노무현 정부에서 노동부 장관을 맡았던 김 전 장관은 박근혜 정부에선 노사정위원회 위원장을 맡아 노동정책에 관한 사회적 협의를 이끈 노동전문가다
2020.11.18,"다시 뛰는 비트코인(CG)▶ 여기를 누르시면 크게 보실 수 있습니다최근 비트코인 가격이 다시 급등하는 가운데 가상화폐에 비판적인 의견을 보여온 '헤지펀드의 대부' 레이 달리오가 18일 비트코인 무용론을 설파하는 내용의 트윗을 올렸다.그는 이날 자신의 트위터를 통해 비트코인이 화폐처럼 교환수단과 가치저장 기능 등을 수행하기에 문제가 있다고 지적했다.특히 ""부의 저장 수단으로 좋지 않다""며 ""변동성이 너무 크다""고 지적했다"
2020.10.28,[한경우
2020.11.17,"강연하는 김종인▶ 여기를 누르시면 크게 보실 수 있습니다국민의힘 김종인 비상대책위원장은 17일 정부가 추진하는 대한항공-아시아나 통합 방안에 대해 ""특정 오너(사주)를 정부가 도와주는 식의 모습이 보여서 말들이 많다""라고 말했다.김 위원장은 이날 사단법인 '한국기업거버넌스포럼' 주최 강연에서 두 기업의 통합과 관련한 질문을 받자 ""워낙 회사 규모가 크고 종사하는 인원이 많으니 어쩔 수 없이 개입하는 것""이라면서도 ""원칙이 확실히 정립돼야 한다""고 지적했다.그는 ""아시아나의 문제가 코로나로 발생한 게 아니다""라면서 ""그 이전에 발생한 문제를 제대로 해결하지 않고 코로나 핑계를 대면서 적당히 넘어가려고 하니까 여러 문제가 생기는 것""이라고 말했다"
2020.11.08,"인천시청인천의 경제구조 고도화를 도모하는 정책인 '인천형 뉴딜'의 종합계획 최종안이 공개됐다.인천시는 '인천형 뉴딜' 종합계획 최종안을 확정하고 '경제·사회구조 대전환을 통한 더욱 살기 좋은 인천'을 목표로 관련 사업을 추진한다고 8일 밝혔다.최종안은 디지털 뉴딜, 그린 뉴딜, 바이오 뉴딜, 휴먼 뉴딜 등 4개 분야로 구성됐으며 2025년까지 총사업비 14조원을 투입해 일자리 17만3천개를 창출하는 게 골자다"
2020.11.17,산업은행이 한진칼에 아시아나항공 인수 자금 8000억원을 지원하는 조건으로 주요 경영 사항을 협의해 동의를 받아야 한다는 조건을 내걸었다. 사외이사 3명과 감사위원 선임권도 산업은행이 가져갔다. 한진칼이 이 같은 합의를 위반하면 5000억원 상당 벌금과 손해배상 책임을 부담해야 한다
2020.11.17,"더불어민주당 의원들이 17일 오후 국회에서 산업은행의 대한항공·아시아나 통합 추진에 대해 이의를 제기하고 있다. 왼쪽부터 이용우, 오기형, 이정문, 민형배 의원. [김호영 기자]KDB산업은행이 17일 한진칼에 대해 7대 의무를 부과한 것은 이른바 `특혜 시비` 논란을 완화하기 위한 시도로 분석된다"
2020.11.17,"직장인 A씨는 17일 ""총부채원리금상환비율(DSR) 규제는 30일부터지만 이미 대출 받기가 어렵다""는 대출상담사의 연락을 받고 깜짝 놀라 은행으로 달려갔다. A씨는 내 집 마련을 위해 가계약금을 지급한 상태로, 잔금을 치르는 데 부족한 돈은 신용대출을 받아 지급할 계획이었다. 주거래 은행뿐만 아니라 인근 여러 은행 지점들을 돌았지만 기존에 받을 수 있었던 한도(연소득의 150%)만큼 신용대출을 해줄 수 있다는 곳은 없었다"
2020.11.17,국고채 금리 일제히 하락…3년물 연 0.960% (PG)▶ 여기를 누르시면 크게 보실 수 있습니다17일 국고채 금리가 일제히 하락했다.이날 서울 채권시장에서 3년 만기 국고채 금리는 전 거래일보다 1
2020.10.28,"주식 양도소득세 부과 대상인 대주주 기준을 3억원 이상으로 확대하는 정부안에 대해 여당인 더불어민주당이 “불필요한 변동성을 초래한다”며 재차 부정적 입장을 피력했다.28일 연합뉴스에 따르면 민주당 자본시장 특별위원회는 “현행 대주주 과세 범위 확대를 유예하고 증권거래세를 폐지해야 한다는 데 공감대를 형성했다”고 밝혔다.특위는 ""정부의 대주주 범위 확대안은 불필요한 변동성을 초래하고 투자자의 주식거래 형태를 왜곡시켜 조세회피를 위한 투자자들의 거래비용이 증가하는 문제가 있음을 확인했다""고도 했다"
2020.11.08,정치권에서 여야 의원들이 연 24%인 법정 최고금리를 내리는 법안을 잇달아 내놓고 있다. 정부도 문재인 대통령 대선 공약인 만큼 최고금리 인하를 검토하기 시작했다. 정치권과 정부는 서민의 대출금리 부담을 낮추겠다는 의도지만 시장 기능을 도외시한 채 무리하게 금리를 인하해 급전이 필요한 금융 취약계층이 불법 사금융으로 밀려날 수 있다는 우려가 나온다
2020.10.28,"서울 아파트단지▶ 여기를 누르시면 크게 보실 수 있습니다서울시는 한국주택금융공사(HF)·서울주택도시공사(SH)와 함께 주택연금 가입자의 빈집을 활용한 공적 임대주택 사업을 본격적으로 시작한다고 28일 밝혔다.`세대이음 자산공유형 더드림주택`(이하 더드림주택)이라는 이름이 붙은 이 사업은 요양원·병원 입원 등으로 주택연금 가입자가 집을 비우게 된 경우 SH공사가 이를 임차한 뒤 청년·신혼부부에게 주변 시세의 80% 수준으로 다시 빌려주는 것이다.주택연금에 가입해 집을 담보로 맡기고 다달이 연금을 받는 가입자가 서울에 2만2천399명(9월 말 기준) 있지만, 고령으로 요양원이나 병원에 입원하는 경우 빈 집이 장기간 방치되는 사례가 많다고 서울시는 설명했다"
2020.11.17,"홍콩계 사모펀드인 앵커에퀴티파트너스가 카카오뱅크에 2500억원을 투자한다. 카카오뱅크는 17일 이사회를 열고 2500억원 규모 제3자 배정 보통주 유상증자를 결의했다고 밝혔다.발행 주식은 1064만주, 주당 가격은 2만3500원이다"
2020.11.08,혼자 사는 1인 가구는 은퇴 자금으로 5억7000만원이 필요하다고 보고 있지만 현재 보유한 자산은 목표의 20% 수준에 그치는 것으로 나타났다. 이들은 자산을 빠르게 불리기 위해 코로나19 사태 이후 주식 등을 통해 적극적인 투자에 나서고 있는 것으로 조사됐다.8일 KB금융그룹이 이 같은 내용을 담은 `2020 한국 1인 가구 보고서`를 발간했다
2020.10.28,"정부가 막대한 예산을 들여 공공일자리 정책을 확대하고 있지만, 대상인 저소득층의 근로소득은 오히려 줄었다는 연구 결과가 나왔다.한국경제연구원은 28일 발간한 '공공일자리 정책의 진단과 시사점' 보고서에서 이같이 밝힌 뒤 지속성과 효과를 고려해 공공일자리 정책을 민간일자리 창출·지원 사업으로 전환해야 한다고 조언했다.공공일자리 사업은 장기실직자 등 취업 취약계층에게 한시적 일자리를 제공하는 사업으로, 임금 대부분을 정부가 지원한다"
2020.11.17,"'주 52시간제' 중소기업 계도기간 1년 부여 (PG)▶ 여기를 누르시면 크게 보실 수 있습니다중소기업중앙회는 17일 더불어민주당 민생경제 TF(태스크포스)와 간담회를 하고 주 52시간제 계도 기간 연장 등을 요청했다.중기중앙회에서 열린 간담회에는 양항자 TF 위원장을 비롯해 정필모·소병철·오영환 의원, 김문식 한국주유소운영업협동조합 이사장, 주보원 한국금속열처리공업협동조합 이사장 등이 참석했다.중소기업 단체장들은 ""가장 우려되는 노동 현안은 계도 기간이 곧 끝나 본격적인 제도 시작이 얼마 남지 않은 주 52시간제""라며 ""계도 기간 연장과 유연근무제 보완을 위한 논의가 하루빨리 이뤄져야 한다""고 주장했다"
2020.11.08,앞으로 보험회사가 미성년자나 취약계층에 보험금을 선지급하고 회수하기 위한 구상권 청구를 사실상 못하게 된다.8일 금융위원회와 금융감독원은 보험사가 소비자를 상대로 소송을 남용하지 못하도록 하는 내부통제 강화안을 발표했다. 올 초 한 보험사가 고아가 된 초등학생을 상대로 수천만 원 규모 구상권 소송을 내 논란이 일었고 이 같은 사건 재발을 방지하기 위해서다
2020.11.06,"▶ 여기를 누르시면 크게 보실 수 있습니다조 바이든 미국 민주당 후보의 대선 승리 가능성이 높아지면서 원화값과 금값이 연일 급등하는 등 재테크 시장에 판도 변화가 예상된다. 전문가들은 그간 미국 기술 성장주와 달러를 중심으로 투자해온 국내 자산가들도 포트폴리오를 재조정해야 할 시점이라고 강조했다.매일경제가 6일 KB국민·신한·하나·우리·NH농협 등 국내 5대 은행 자산관리(WM)센터에 문의한 결과 전문가들은 ""바이든 후보가 당선되면 채권보다는 주식, 미국보다는 한국·중국·인도 등 이머징 시장이 강세를 보일 것""이라며 ""안전 자산인 미국 달러는 약세를 보일 가능성이 크고, 시장에서는 친환경과 헬스케어 기업이 주목받을 것""이라고 전망했다"
2020.10.27,"은성수 금융위원장(사진)이 총부채원리금상환비율(DSR)을 40%에서 30%로 낮추는 안을 포함한 가계부채 관리 강화 방안을 막판 검토 중이라고 밝혀 주목된다. DSR는 한 해 갚아야 할 전체 대출 원리금이 연 소득에서 차지하는 비율을 의미한다. 27일 서울 여의도 63컨벤션에서 열린 제5회 금융의 날 행사에 참석한 뒤 은 위원장은 기자들과 만나 ""DSR를 강화하는 방법은 비율을 40%에서 30%로 낮추는 방안, 시가 9억원을 낮추거나, 적용 지역을 확대하는 방안이 있다""며 ""어떤 방법이 바람직할지 논의 중""이라고 말했다"
2020.11.06,국고채 금리 일제히 상승…3년물 연 0.943% (PG)▶ 여기를 누르시면 크게 보실 수 있습니다6일 국고채 금리가 일제히 상승했다.이날 서울 채권시장에서 3년 만기 국고채 금리는 전 거래일보다 1
2020.11.06,"기술력을 갖췄지만 재무 상태가 다소 좋지 않은 혁신기업이 정부 금융 지원을 통해 성장 발판을 마련할 수 있게 됐다.6일 금융위원회는 5개 부처(산업통상자원부, 중소벤처기업부, 과학기술정보통신부, 보건복지부, 해양수산부)와 협업해 `혁신기업 국가대표 1000` 사업 2회 차 기업 247개를 선정했다고 밝혔다.혁신기업 국가대표 1000은 산업 이해도가 높은 부처 간 협업으로 정부가 3년간 혁신기업을 1000개 이상 발굴하는 프로그램이다"
2020.10.27,은성수 금융위원장(왼쪽)과 윤석헌 금융감독원장이 27일 서울 영등포구 여의도 63빌딩에서 열린 제5회 금융의 날 기념식에서 대화를 나누고 있다. [김호영 기자]금융감독원이 법원과 감사원의 판단에 역행해 금융사 최고경영자(CEO) 징계를 무리하게 밀어붙인다는 비판이 나오고 있다. 법원과 감사원이 지배구조법상 내부 통제 미비를 근거로 금융사 임원을 징계하는 게 어렵다는 의견을 낸 상황에서 금감원이 관련 법 개정도 없이 직무 정지 등 중징계를 추진하고 있기 때문이다
2020.11.06,"서울 지하철 8호선 모란역▶ 여기를 누르시면 크게 보실 수 있습니다지하철 8호선 판교 연장사업(모란∼판교 구간)이 기획재정부 예비타당성조사(예타)를 받게 돼 사업 추진에 한층 탄력이 붙을 것으로 전망된다.6일 국회 국토교통위원회 소속 김은혜 의원(국민의힘)에 따르면 8호선 판교 연장 사업은 기재부 예타에 돌입한다.이날 국회 국토교통위원회 전체회의에서 최기주 국토교통부 대도시권광역교통위원회 위원장은 8호선 판교 연장 사업과 관련한 김 의원의 질의에 ""국토부 투자심사위원회 심의를 거쳤고, 다음 주 기재부 예비타당성 검토 대상에 합류시킬 계획""이라고 말했다"
2020.11.06,"한국판 뉴딜(PG)과학기술정보통신부와 금융위원회, 기획재정부는 6일 서울 여의도 산업은행 IR센터에서 디지털 뉴딜 정책 방향과 뉴딜펀드 운용 방향을 밝히는 '디지털 분야(데이터/인공지능, 5G+) 뉴딜 투자설명회'를 열었다.과기정통부, 금융위원회가 공동 주관한 이날 행사에는 최기영 과기정통부 장관, 은성수 금융위원장, 이광재 의원, 이동걸 산업은행 회장, 산업계와 금융업계 관계자 등이 참석했다.과기정통부와 금융위원회는 한국판 뉴딜 정책 및 뉴딜펀드에 대한 민간 사업자와 투자자의 이해와 관심을 높이기 위해 행사를 마련했다"
2020.11.06,"회의를 주재하고 있는 김용범 기획재정부 1차관 [사진 제공 = 기획재정부]김용범 기획재정부 1차관은 6일 코로나19 재확산과 미국 대선과 같은 정치·경제적 불확실성 등으로 혹독한 겨울이 예상되는 가운데 ""한국판 뉴딜이 단단한 월동준비가 될 것""이라며 민간 참여 활성화를 위해 투자 애로 해소 원스톱창구를 구축하겠다고 밝혔다.김 차관은 6일 정부서울청사에서 `제30차 혁신성장 전략점검회의 겸 정책점검회의·제3차 한국판 뉴딜 점검 TF’를 개최하고 한국판 뉴딜 민간참여 활성화 방안을 논의했다.김 차관은 ""겨울이 이렇게 두려운 적은 없었다"
2020.10.27,코로나19 사태로 경제는 크게 위축되고 있지만 금융회사 실적은 3분기에도 고공 행진을 거듭했다. 돈을 빌려 주택을 사려는 대출 수요가 여전히 많고 주식 투자 증가에 따른 수익도 톡톡히 챙기고 있기 때문이다. 특히 국내외 인수·합병(M&A)에 따른 수익 증대가 두드러졌다
2020.10.27,공기업 주요 보직이 소위 `낙하산` 인사로 채워지면서 논란이 일고 있다. 회사 업무와 무관한 사람이 핵심 조직을 맡게 되자 노동조합 차원에서 출근 저지 운동도 벌이는 상황이다.27일 금융업계에 따르면 한국자산관리공사(캠코) 감사로 임명된 이인수 전 캄보디아 증권거래소 이사장이 지난주 임명됐음에도 불구하고 아직까지 출근하지 못하고 있는 것으로 나타났다
2020.10.27,국고채 금리 일제히 상승…3년물 연 0.917% (PG)▶ 여기를 누르시면 크게 보실 수 있습니다27일 국고채 금리가 일제히 상승했다.이날 서울 채권시장에서 3년 만기 국고채 금리는 전 거래일보다 0
2020.10.27,"내년 3월부터 은행과 보험사는 물론 신협, 온라인 투자 연계 금융업자(P2P 금융업체)에게 금융상품을 구매한 소비자는 가입 뒤 최대 15일이 지나도 가입을 취소할 수 있다. 금융사가 금융소비자보호법을 위반해 상품을 판매했을 때에는 계약일에서 5년 안에 계약을 해지하면 된다.금융위원회는 이 같은 내용이 담긴 금융소비자보호법 시행령을 입법예고한다고 27일 밝혔다"
2020.10.27,"은성수 금융위원장이 총부채원리금상환비율(DSR) 규제와 관련해 부동산 핀셋규제를 검토하고 있다고 밝혔다.27일 서울 여의도 63컨벤션에서 열린 제5회 금융의날 행사에 참석한 뒤 은 위원장은 기자들과 만나 ""돈에 꼬리표가 없어 대출받은 자금이 생활자금으로 가는지 부동산으로 가는지 모른다""며 ""가급적 그런 부분(부동산)을 핀셋 규제하려 한다""고 말했다.그는 DSR 규제가 코로나19로 형편이 어려워진 서민들의 돈줄까지 막도록 하지 않겠다고 밝혔다"
2020.10.27,"한국조폐공사 화폐박물관은 특별전시실에서 27일부터 11월 22일까지 한국서가협회 대전지회의 `제6회 월당서회전`(月堂書會展)을 개최한다.창립 28주년을 맞은 서가협회 대전지회는 대전 향토문화 발전을 이끄는 지역 서예단체다.`월당서회전`엔 서가협회 초대 작가이자 대전지회장인 월당 김연희 선생의 작품 `해바라기`, `소나무`, `설매(雪梅)`를 비롯한 문인화 및 서예작품 30여점이 선보인다"
2020.10.27,"""지금 금융시장은 고요한 폭풍전야와도 같다. 리스크 감독이 그 어느 때 보다 중요한 시기다.""코로나19발 기업의 매출·영업이익이 오는 2021년부터 재무제표에 반영, 대규모 등급 하향 조정이 발생할 것이라는 분석이 나온다"
2020.10.26,윤석헌 금융감독원장이 코로나19 여파에 따른 금융 부실을 막기 위해 은행이 충당금을 추가로 쌓을 것을 당부했다. 또 라임·옵티머스 사태 등으로 무너진 신뢰를 회복하기 위해 펀드 판매 관행을 고칠 것을 제안했다.26일 윤 원장은 은행연합회 초청으로 서울 마포구 프론트원에서 열린 은행장 간담회에 참석해 이 같은 내용을 전달했다
2020.10.26,"# 결혼을 준비하고 있는 A씨는 몇 달 전 기존 세입자가 전세를 살고 있는 집을 매수했다. 결혼은 내년 1월이고 세입자 전세 만기일은 12월이라 연말께 전세퇴거자금대출(주택담보대출)을 받고 입주하려고 했는데 그사이 정부가 DSR 기준을 강화하면 대출이 계획대로 나오지 않을 것 같아 고민이다. 지점 직원에게 문의했지만 ""과거 사례를 볼 때 부동산 대책 발표 당시 기계약분에는 대부분 소급 적용되지 않았지만 이번에는 어떻게 될지 확답을 줄 수 없다""는 답변이 돌아왔다"
